_id,TARIH,YANGIN_TURU,YANGIN_SEBEBI,YANGIN_SONUCU,YAPI_SEKLI,ERKEK_VEFAT,KADIN_VEFAT,ITFAIYECI_VEFAT,ERKEK_YARALI,KADIN_YARALI,ITFAIYECI_YARALI,BUYUK_BAS_VEFAT,KUCUK_BAS_VEFAT,KUMES_HAYVANI_VEFAT,EVCIL_HAYVAN_VEFAT,DIGER HAYVAN,VARIS_SURESI (DAK.),KULLANILAN_KOPUK_MIKTARI (KG),KULLANILAN_SU_MIKTARI (m3),KULLANILAN_KURU_KIMYEVI_TOZ_MIKTARI (KG),EKIPLERIN_CIKIS_SAATI,ILCE,ADRES_BOLGESI
1,2025-01-01 00:00:00,BİNA,ELEKT. KISA DEV./ELEKT. KONTAĞI,BAŞLANGIÇTA SÖNDÜRÜLEN,BAĞDADİ(TAŞ YAPI),0,0,0,0,0,0,0,0,0,0,0,00:07,0,10,0,00:19,TİRE,KIRSAL BÖLGE
2,2025-01-01 00:00:00,OT,SİGARA/KİBRİT,BAŞLANGIÇTA SÖNDÜRÜLEN,,0,0,0,0,0,0,0,0,0,0,0,00:03,0,0.3,0,00:36,KARABAĞLAR,KENT MERKEZİ
3,2025-01-01 00:00:00,BİNA,SİGARA/KİBRİT,BAŞLANGIÇTA SÖNDÜRÜLEN,BAĞDADİ(TAŞ YAPI),0,0,0,0,0,0,0,0,0,0,0,00:03,0,2,0,00:37,BAYINDIR,KENT MERKEZİ
4,2025-01-01 00:00:00,GEMİ/TEKNE,LPG/DOĞALGAZ,BAŞLANGIÇTA SÖNDÜRÜLEN,,0,0,0,2,0,0,0,0,0,0,0,00:02,0,0,0,01:41,FOÇA,KIRSAL BÖLGE
5,2025-01-01 00:00:00,ÇÖP,AÇIK ATEŞ,BAŞLANGIÇTA SÖNDÜRÜLEN,,0,0,0,0,0,0,0,0,0,0,0,00:03,0,0.4,0,04:15,KARŞIYAKA,KENT MERKEZİ
6,2025-01-01 00:00:00,ÇÖP,SİGARA/KİBRİT,BAŞLANGIÇTA SÖNDÜRÜLEN,,0,0,0,0,0,0,0,0,0,0,0,00:04,0,0.2,0,09:43,KARŞIYAKA,KENT MERKEZİ
7,2025-01-01 00:00:00,ÇÖP,SİGARA/KİBRİT,BAŞLANGIÇTA SÖNDÜRÜLEN,,0,0,0,0,0,0,0,0,0,0,0,00:08,0,1,0,11:57,FOÇA,KIRSAL BÖLGE
8,2025-01-01 00:00:00,BİNA,ÇOCUKLARIN ATEŞLE OYNAMASI,BAŞLANGIÇTA SÖNDÜRÜLEN,BETONARME,0,0,0,0,0,0,0,0,0,0,0,00:05,0,0,0,12:27,KARŞIYAKA,KENT MERKEZİ
9,2025-01-01 00:00:00,İŞYERİ,ELEKT. KISA DEV./ELEKT. KONTAĞI,BAŞLANGIÇTA SÖNDÜRÜLEN,BETONARME,0,0,0,0,0,0,0,0,0,0,0,00:02,0,0,0,14:00,DİKİLİ,KIRSAL BÖLGE
10,2025-01-01 00:00:00,ÇÖP,SİGARA/KİBRİT,BAŞLANGIÇTA SÖNDÜRÜLEN,,0,0,0,0,0,0,0,0,0,0,0,00:05,0,0.3,0,14:22,ÇEŞME,KENT MERKEZİ
11,2025-01-01 00:00:00,BİNA,KASIT,BAŞLANGIÇTA SÖNDÜRÜLEN,BETONARME,0,0,0,0,0,0,0,0,0,0,0,00:03,0,0,0,14:29,BORNOVA,KENT MERKEZİ
12,2025-01-01 00:00:00,ODUNLUK/KÖMÜRLÜK,İHMAL/DİKKATSİZLİK,BAŞLANGIÇTA SÖNDÜRÜLEN,BETONARME,0,0,0,0,0,0,0,0,0,0,0,00:04,0,0.3,0,15:05,BAYRAKLI,KENT MERKEZİ
13,2025-01-01 00:00:00,BİNA,ELEKT. KISA DEV./ELEKT. KONTAĞI,BAŞLANGIÇTA SÖNDÜRÜLEN,BETONARME,0,0,0,0,0,0,0,0,0,0,0,00:05,0,0,0,15:22,BUCA,KENT MERKEZİ
14,2025-01-01 00:00:00,ÇÖP,SİGARA/KİBRİT,BAŞLANGIÇTA SÖNDÜRÜLEN,,0,0,0,0,0,0,0,0,0,0,0,00:04,0,2,0,15:27,BUCA,KENT MERKEZİ
15,2025-01-01 00:00:00,OT,SİGARA/KİBRİT,BAŞLANGIÇTA SÖNDÜRÜLEN,,0,0,0,0,0,0,0,0,0,0,0,00:03,0,0,0,15:38,KARŞIYAKA,KENT MERKEZİ
16,2025-01-01 00:00:00,ARAÇ,ELEKT. KISA DEV./ELEKT. KONTAĞI,KISMEN YANARAK KURTARILAN,,0,0,0,0,0,0,0,0,0,0,0,00:04,0,1,0,15:59,GAZİEMİR,KENT MERKEZİ
17,2025-01-01 00:00:00,BİNA,ELEKT. KISA DEV./ELEKT. KONTAĞI,BAŞLANGIÇTA SÖNDÜRÜLEN,BETONARME,0,0,0,0,0,0,0,0,0,0,0,00:05,0,0.2,0,16:02,BORNOVA,KENT MERKEZİ
18,2025-01-01 00:00:00,MOTOSİKLET,ELEKT. KISA DEV./ELEKT. KONTAĞI,KISMEN YANARAK KURTARILAN,,0,0,0,0,0,0,0,0,0,0,0,00:05,0,1,0,16:16,FOÇA,KENT MERKEZİ
19,2025-01-01 00:00:00,ARAÇ,PARLAMA (AKARYAKIT MADDESİ),KISMEN YANARAK KURTARILAN,,0,0,0,0,0,0,0,0,0,0,0,00:04,0,0.1,0,16:39,ALİAĞA,KENT MERKEZİ
20,2025-01-01 00:00:00,ÇÖP,AÇIK ATEŞ,BAŞLANGIÇTA SÖNDÜRÜLEN,,0,0,0,0,0,0,0,0,0,0,0,00:05,0,0.3,0,18:30,SELÇUK,KENT MERKEZİ
21,2025-01-01 00:00:00,ÇÖP,SİGARA/KİBRİT,BAŞLANGIÇTA SÖNDÜRÜLEN,,0,0,0,0,0,0,0,0,0,0,0,00:03,0,0.05,0,18:36,FOÇA,KIRSAL BÖLGE
22,2025-01-01 00:00:00,ÇÖP,SİGARA/KİBRİT,BAŞLANGIÇTA SÖNDÜRÜLEN,,0,0,0,0,0,0,0,0,0,0,0,00:05,0,1,0,19:16,BORNOVA,KENT MERKEZİ
23,2025-01-01 00:00:00,ÇÖP,SİGARA/KİBRİT,BAŞLANGIÇTA SÖNDÜRÜLEN,,0,0,0,0,0,0,0,0,0,0,0,00:05,0,0.05,0,19:18,FOÇA,KIRSAL BÖLGE
24,2025-01-01 00:00:00,ARAÇ,ELEKT. KISA DEV./ELEKT. KONTAĞI,BAŞLANGIÇTA SÖNDÜRÜLEN,,0,0,0,0,0,0,0,0,0,0,0,00:16,0,0,0,20:07,URLA,KIRSAL BÖLGE
25,2025-01-01 00:00:00,ÇÖP,AÇIK ATEŞ,BAŞLANGIÇTA SÖNDÜRÜLEN,,0,0,0,0,0,0,0,0,0,0,0,00:07,0,0.1,0,20:28,URLA,KIRSAL BÖLGE
26,2025-01-01 00:00:00,İŞYERİ,ELEKT. KISA DEV./ELEKT. KONTAĞI,BAŞLANGIÇTA SÖNDÜRÜLEN,BETONARME,0,0,0,0,0,0,0,0,0,0,0,00:10,0,0.8,0,23:20,BAYINDIR,KIRSAL BÖLGE
27,2025-01-01 00:00:00,MOTOSİKLET,ELEKT. KISA DEV./ELEKT. KONTAĞI,TAMAMEN YANAN,,0,0,0,0,0,0,0,0,0,0,0,00:10,0,0,0,23:24,KEMALPAŞA,KENT MERKEZİ
28,2025-01-02 00:00:00,ÇÖP,AÇIK ATEŞ,BAŞLANGIÇTA SÖNDÜRÜLEN,,0,0,0,0,0,0,0,0,0,0,0,00:02,0,1,0,00:16,KARABAĞLAR,KENT MERKEZİ
29,2025-01-02 00:00:00,ÇÖP,AÇIK ATEŞ,BAŞLANGIÇTA SÖNDÜRÜLEN,,0,0,0,0,0,0,0,0,0,0,0,00:08,0,2,0,00:27,ALİAĞA,KIRSAL BÖLGE
30,2025-01-02 00:00:00,ÇÖP,SİGARA/KİBRİT,BAŞLANGIÇTA SÖNDÜRÜLEN,,0,0,0,0,0,0,0,0,0,0,0,00:02,0,1,0,01:00,BORNOVA,KENT MERKEZİ
31,2025-01-02 00:00:00,ARAÇ,ELEKT. KISA DEV./ELEKT. KONTAĞI,KISMEN YANARAK KURTARILAN,,0,0,0,0,0,0,0,0,0,0,0,00:04,0,1,12,08:17,BUCA,KENT MERKEZİ
32,2025-01-02 00:00:00,ÇÖP,SİGARA/KİBRİT,BAŞLANGIÇTA SÖNDÜRÜLEN,,0,0,0,0,0,0,0,0,0,0,0,00:03,0,0.1,0,09:22,KONAK,KENT MERKEZİ
33,2025-01-02 00:00:00,BAĞ/BAHÇE,KIVILCIM(DİĞER),BAŞLANGIÇTA SÖNDÜRÜLEN,,0,0,0,0,0,0,0,0,0,0,0,00:03,0.05,6,0,09:53,BORNOVA,KENT MERKEZİ
34,2025-01-02 00:00:00,KABLO/DİREK-ELEKT/TEL VB,ELEKT. KISA DEV./ELEKT. KONTAĞI,BAŞLANGIÇTA SÖNDÜRÜLEN,,0,0,0,0,0,0,0,0,0,0,0,00:10,0,0.1,0,10:26,MENDERES,KIRSAL BÖLGE
35,2025-01-02 00:00:00,BİNA,ELEKT. KISA DEV./ELEKT. KONTAĞI,BAŞLANGIÇTA SÖNDÜRÜLEN,BETONARME,0,0,0,0,0,0,0,0,0,0,0,00:05,0,0,0,11:01,KARABAĞLAR,KENT MERKEZİ
36,2025-01-02 00:00:00,BİNA,ELEKT. KISA DEV./ELEKT. KONTAĞI,BAŞLANGIÇTA SÖNDÜRÜLEN,BETONARME,0,0,0,0,0,0,0,0,0,0,0,00:05,0,0,0,11:15,KARABAĞLAR,KENT MERKEZİ
37,2025-01-02 00:00:00,BİNA,ELEKT. KISA DEV./ELEKT. KONTAĞI,BAŞLANGIÇTA SÖNDÜRÜLEN,ÇELİK,0,0,0,0,0,0,0,0,13,0,0,00:04,0,8,0,11:18,GAZİEMİR,KENT MERKEZİ
38,2025-01-02 00:00:00,PARK,AÇIK ATEŞ,BAŞLANGIÇTA SÖNDÜRÜLEN,,0,0,0,0,0,0,0,0,0,0,0,00:05,0,0.1,0,11:19,MENEMEN,KENT MERKEZİ
39,2025-01-02 00:00:00,İŞYERİ,KIVILCIM(BACA),BAŞLANGIÇTA SÖNDÜRÜLEN,BETONARME,0,0,0,0,0,0,0,0,0,0,0,00:08,0,1,0,11:26,GAZİEMİR,KENT MERKEZİ
40,2025-01-02 00:00:00,BİNA,ELEKT. KISA DEV./ELEKT. KONTAĞI,BAŞLANGIÇTA SÖNDÜRÜLEN,BETONARME,0,0,0,0,0,0,0,0,0,0,0,00:03,0,1.5,0,11:40,ALİAĞA,KENT MERKEZİ
41,2025-01-02 00:00:00,BİNA,KONDÜKSİYON (TEMAS İLE ISI TRANSFERİ),BAŞLANGIÇTA SÖNDÜRÜLEN,BETONARME,0,0,0,0,0,0,0,0,0,0,0,00:07,0,5,0,11:44,BORNOVA,KIRSAL BÖLGE
42,2025-01-02 00:00:00,ARAÇ,ELEKT. KISA DEV./ELEKT. KONTAĞI,BAŞLANGIÇTA SÖNDÜRÜLEN,,0,0,0,0,0,0,0,0,0,0,0,00:06,0,1,0,12:06,KARABAĞLAR,KENT MERKEZİ
43,2025-01-02 00:00:00,BİNA,SİGARA/KİBRİT,BAŞLANGIÇTA SÖNDÜRÜLEN,BETONARME,0,0,0,0,0,0,0,0,0,0,0,00:03,0,0.6,0,12:55,KARABAĞLAR,KENT MERKEZİ
44,2025-01-02 00:00:00,ARAÇ,ISINMA/SÜRTÜNME,KISMEN YANARAK KURTARILAN,,0,0,0,0,0,0,0,0,0,0,0,00:05,0,15,0,13:23,BAYRAKLI,KENT MERKEZİ
45,2025-01-02 00:00:00,BİNA,ELEKT. KISA DEV./ELEKT. KONTAĞI,BAŞLANGIÇTA SÖNDÜRÜLEN,BETONARME,0,0,0,0,0,0,0,0,0,0,0,00:03,0,0,0,13:24,KONAK,KENT MERKEZİ
46,2025-01-02 00:00:00,ÇÖP,SİGARA/KİBRİT,BAŞLANGIÇTA SÖNDÜRÜLEN,,0,0,0,0,0,0,0,0,0,0,0,00:06,0,1,0,13:40,BUCA,KENT MERKEZİ
47,2025-01-02 00:00:00,ARAÇ,ELEKT. KISA DEV./ELEKT. KONTAĞI,BAŞLANGIÇTA SÖNDÜRÜLEN,,0,0,0,0,0,0,0,0,0,0,0,00:05,0,0,0,14:20,BAYRAKLI,KENT MERKEZİ
48,2025-01-02 00:00:00,BİNA,ELEKT. KISA DEV./ELEKT. KONTAĞI,BAŞLANGIÇTA SÖNDÜRÜLEN,BETONARME,0,0,0,0,0,0,0,0,0,0,0,00:05,0,0.2,0,16:17,KONAK,KENT MERKEZİ
49,2025-01-02 00:00:00,ARAÇ,ELEKT. KISA DEV./ELEKT. KONTAĞI,BAŞLANGIÇTA SÖNDÜRÜLEN,,0,0,0,0,0,0,0,0,0,0,0,00:02,0,0,0,16:51,GÜZELBAHÇE,KENT MERKEZİ
50,2025-01-02 00:00:00,BİNA,KIVILCIM(BACA),BAŞLANGIÇTA SÖNDÜRÜLEN,BAĞDADİ(TAŞ YAPI),0,0,0,0,0,0,0,0,0,0,0,00:06,0,15,0,17:50,ÖDEMİŞ,KENT MERKEZİ
51,2025-01-02 00:00:00,BİNA,KIVILCIM(DİĞER),BAŞLANGIÇTA SÖNDÜRÜLEN,BETONARME,0,0,0,0,0,0,0,0,0,0,0,00:05,0,5,0,17:50,BAYRAKLI,KENT MERKEZİ
52,2025-01-02 00:00:00,BİNA,ELEKT. KISA DEV./ELEKT. KONTAĞI,BAŞLANGIÇTA SÖNDÜRÜLEN,BETONARME,0,0,0,0,0,0,0,0,0,0,0,00:06,0,0,0,19:59,MENDERES,KENT MERKEZİ
53,2025-01-02 00:00:00,BİNA,SİGARA/KİBRİT,BAŞLANGIÇTA SÖNDÜRÜLEN,BETONARME,0,0,0,0,0,0,0,0,0,0,0,00:03,0,1,0,20:29,KONAK,KENT MERKEZİ
54,2025-01-02 00:00:00,BİNA,ELEKT. KISA DEV./ELEKT. KONTAĞI,BAŞLANGIÇTA SÖNDÜRÜLEN,BETONARME,0,0,0,0,0,0,0,0,0,0,0,00:03,0,0,0,21:12,KONAK,KENT MERKEZİ
55,2025-01-02 00:00:00,ÇÖP,SİGARA/KİBRİT,BAŞLANGIÇTA SÖNDÜRÜLEN,,0,0,0,0,0,0,0,0,0,0,0,00:05,0,0,0,21:37,BORNOVA,KENT MERKEZİ
56,2025-01-02 00:00:00,ÇÖP,SİGARA/KİBRİT,BAŞLANGIÇTA SÖNDÜRÜLEN,,0,0,0,0,0,0,0,0,0,0,0,00:05,0,1,0,22:02,BUCA,KENT MERKEZİ
57,2025-01-02 00:00:00,İŞYERİ,PARLAMA (YAĞ/KİMYASAL MAD.),BAŞLANGIÇTA SÖNDÜRÜLEN,BETONARME,0,0,0,0,0,0,0,0,0,0,0,00:04,0,0,0,22:07,BUCA,KENT MERKEZİ
58,2025-01-02 00:00:00,ÇÖP,AÇIK ATEŞ,BAŞLANGIÇTA SÖNDÜRÜLEN,,0,0,0,0,0,0,0,0,0,0,0,00:04,0,0.3,0,22:14,ÇİĞLİ,KENT MERKEZİ
59,2025-01-03 00:00:00,ÇÖP,AÇIK ATEŞ,BAŞLANGIÇTA SÖNDÜRÜLEN,,0,0,0,0,0,0,0,0,0,0,0,00:05,0,1.8,0,01:42,BUCA,KENT MERKEZİ
60,2025-01-03 00:00:00,FABRİKA/ATÖLYE/İMALATHANE,ELEKT. KISA DEV./ELEKT. KONTAĞI,BAŞLANGIÇTA SÖNDÜRÜLEN,BETONARME,0,0,0,0,0,0,0,0,0,0,0,00:05,0,5,0,02:25,ALİAĞA,KIRSAL BÖLGE
61,2025-01-03 00:00:00,BİNA,ELEKT. KISA DEV./ELEKT. KONTAĞI,BAŞLANGIÇTA SÖNDÜRÜLEN,BETONARME,0,0,0,0,1,0,0,0,0,0,0,00:04,0,2,0,02:48,BAYRAKLI,KENT MERKEZİ
62,2025-01-03 00:00:00,BİNA,ELEKT. KISA DEV./ELEKT. KONTAĞI,BAŞLANGIÇTA SÖNDÜRÜLEN,BETONARME,0,0,0,0,0,0,0,0,0,0,0,00:03,0,2,0,04:35,KARABAĞLAR,KENT MERKEZİ
63,2025-01-03 00:00:00,KERESTE/PALET VB,SİGARA/KİBRİT,BAŞLANGIÇTA SÖNDÜRÜLEN,,0,0,0,0,0,0,0,0,0,0,0,00:05,0,19,0,06:05,BUCA,KENT MERKEZİ
64,2025-01-03 00:00:00,BİNA,AÇIK ATEŞ,BAŞLANGIÇTA SÖNDÜRÜLEN,BETONARME,0,0,0,0,0,0,0,0,0,0,0,00:02,0,3,0,07:25,KONAK,KENT MERKEZİ
65,2025-01-03 00:00:00,ARAÇ,ELEKT. KISA DEV./ELEKT. KONTAĞI,BAŞLANGIÇTA SÖNDÜRÜLEN,,0,0,0,0,0,0,0,0,0,0,0,00:04,0,0,0,09:05,ÇİĞLİ,KENT MERKEZİ
66,2025-01-03 00:00:00,BİNA,ÇOCUKLARIN ATEŞLE OYNAMASI,BAŞLANGIÇTA SÖNDÜRÜLEN,BETONARME,0,0,0,0,0,0,0,0,0,0,0,00:05,0,0.1,0,09:18,BAYRAKLI,KENT MERKEZİ
67,2025-01-03 00:00:00,BİNA,SİGARA/KİBRİT,BAŞLANGIÇTA SÖNDÜRÜLEN,BETONARME,0,0,0,0,0,0,0,0,0,0,0,00:05,0,1.75,0,10:18,KONAK,KENT MERKEZİ
68,2025-01-03 00:00:00,OT,AÇIK ATEŞ,BAŞLANGIÇTA SÖNDÜRÜLEN,,0,0,0,0,0,0,0,0,0,0,0,00:05,0,0.1,0,11:01,SEFERİHİSAR,KIRSAL BÖLGE
69,2025-01-03 00:00:00,ÇÖP,SİGARA/KİBRİT,BAŞLANGIÇTA SÖNDÜRÜLEN,,0,0,0,0,0,0,0,0,0,0,0,00:04,0,24,0,11:17,BUCA,KENT MERKEZİ
70,2025-01-03 00:00:00,ARAÇ,ISINMA/SÜRTÜNME,BAŞLANGIÇTA SÖNDÜRÜLEN,,0,0,0,0,0,0,0,0,0,0,0,00:03,0,0.5,0,12:57,GÜZELBAHÇE,KENT MERKEZİ
71,2025-01-03 00:00:00,KABLO/DİREK-ELEKT/TEL VB,ELEKT. KISA DEV./ELEKT. KONTAĞI,BAŞLANGIÇTA SÖNDÜRÜLEN,,0,0,0,0,0,0,0,0,0,0,0,00:02,0,0,1,14:03,BORNOVA,KENT MERKEZİ
72,2025-01-03 00:00:00,ÇÖP,SİGARA/KİBRİT,BAŞLANGIÇTA SÖNDÜRÜLEN,,0,0,0,0,0,0,0,0,0,0,0,00:01,0,0.5,0,14:27,FOÇA,KENT MERKEZİ
73,2025-01-03 00:00:00,ÇÖP,SİGARA/KİBRİT,BAŞLANGIÇTA SÖNDÜRÜLEN,,0,0,0,0,0,0,0,0,0,0,0,00:04,0,0.4,0,14:37,BUCA,KENT MERKEZİ
74,2025-01-03 00:00:00,ÇÖP,SİGARA/KİBRİT,BAŞLANGIÇTA SÖNDÜRÜLEN,,0,0,0,0,0,0,0,0,0,0,0,00:04,0,0.5,0,15:45,KARABAĞLAR,KENT MERKEZİ
75,2025-01-03 00:00:00,BİNA,KIVILCIM(BACA),BAŞLANGIÇTA SÖNDÜRÜLEN,BETONARME,0,0,0,0,0,0,0,0,0,0,0,00:04,6,0,0,15:58,ÖDEMİŞ,KENT MERKEZİ
76,2025-01-03 00:00:00,OT,SİGARA/KİBRİT,BAŞLANGIÇTA SÖNDÜRÜLEN,,0,0,0,0,0,0,0,0,0,0,0,00:06,0,2,0,16:19,ALİAĞA,KIRSAL BÖLGE
77,2025-01-03 00:00:00,ÇÖP,AÇIK ATEŞ,BAŞLANGIÇTA SÖNDÜRÜLEN,,0,0,0,0,0,0,0,0,0,0,0,00:04,0,0.5,0,17:07,DİKİLİ,KENT MERKEZİ
78,2025-01-03 00:00:00,BİNA,KASIT,BAŞLANGIÇTA SÖNDÜRÜLEN,BETONARME,0,0,0,0,1,0,0,0,0,0,0,00:01,0,1,0,17:13,KARABAĞLAR,KENT MERKEZİ
79,2025-01-03 00:00:00,ÇÖP,AÇIK ATEŞ,BAŞLANGIÇTA SÖNDÜRÜLEN,,0,0,0,0,0,0,0,0,0,0,0,00:02,0,1,0,17:38,BORNOVA,KENT MERKEZİ
80,2025-01-03 00:00:00,BİNA,PARLAMA (YAĞ/KİMYASAL MAD.),BAŞLANGIÇTA SÖNDÜRÜLEN,BETONARME,0,0,0,0,0,0,0,0,0,0,0,00:04,0,0.1,0,19:14,BORNOVA,KENT MERKEZİ
81,2025-01-03 00:00:00,BİNA,ELEKT. KISA DEV./ELEKT. KONTAĞI,TAMAMEN YANAN,PREFABRİK,0,0,0,0,0,0,0,0,0,0,0,00:10,0,20,0,20:12,ÖDEMİŞ,KIRSAL BÖLGE
82,2025-01-03 00:00:00,BİNA,PARLAMA (YAĞ/KİMYASAL MAD.),BAŞLANGIÇTA SÖNDÜRÜLEN,BETONARME,0,0,0,0,0,0,0,0,0,0,0,00:05,0,0,0,20:20,KARŞIYAKA,KENT MERKEZİ
83,2025-01-03 00:00:00,BİNA,KIVILCIM(BACA),BAŞLANGIÇTA SÖNDÜRÜLEN,BETONARME,0,0,0,0,0,0,0,0,0,0,0,00:02,0,0.3,0,20:40,KARABAĞLAR,KENT MERKEZİ
84,2025-01-03 00:00:00,ÇÖP,SİGARA/KİBRİT,BAŞLANGIÇTA SÖNDÜRÜLEN,,0,0,0,0,0,0,0,0,0,0,0,00:04,0,1,0,20:58,ÇİĞLİ,KENT MERKEZİ
85,2025-01-03 00:00:00,ARAÇ,PARLAMA (AKARYAKIT MADDESİ),BAŞLANGIÇTA SÖNDÜRÜLEN,,0,0,0,0,0,0,0,0,0,0,0,00:05,0,1,0,21:02,BUCA,KENT MERKEZİ
86,2025-01-03 00:00:00,ÇÖP,AÇIK ATEŞ,BAŞLANGIÇTA SÖNDÜRÜLEN,,0,0,0,0,0,0,0,0,0,0,0,00:04,0,0.1,0,22:39,BUCA,KENT MERKEZİ
87,2025-01-04 00:00:00,ÇÖP,SİGARA/KİBRİT,BAŞLANGIÇTA SÖNDÜRÜLEN,,0,0,0,0,0,0,0,0,0,0,0,00:05,0,1,0,02:52,BUCA,KENT MERKEZİ
88,2025-01-04 00:00:00,BİNA,ELEKT. KISA DEV./ELEKT. KONTAĞI,BAŞLANGIÇTA SÖNDÜRÜLEN,BETONARME,0,0,0,0,0,0,0,0,0,0,0,00:04,0,0.5,0,05:08,BUCA,KENT MERKEZİ
89,2025-01-04 00:00:00,ARAÇ,ISINMA/SÜRTÜNME,BAŞLANGIÇTA SÖNDÜRÜLEN,,0,0,0,0,0,0,0,0,0,0,0,00:06,0,0.5,0,08:09,NARLIDERE,KENT MERKEZİ
90,2025-01-04 00:00:00,ARAÇ,KAZA SONUCU,TAMAMEN YANAN,,1,0,0,3,0,0,0,0,0,0,0,00:15,0,5,0,08:33,MENDERES,KIRSAL BÖLGE
91,2025-01-04 00:00:00,İŞYERİ,ELEKT. KISA DEV./ELEKT. KONTAĞI,BAŞLANGIÇTA SÖNDÜRÜLEN,BETONARME,0,0,0,0,0,0,0,0,0,0,0,00:07,0,0,0,09:52,MENDERES,KIRSAL BÖLGE
92,2025-01-04 00:00:00,BARAKA/KULÜBE/YAŞAM KONTEYNERİ,ELEKT. KISA DEV./ELEKT. KONTAĞI,TAMAMEN YANAN,DİĞER,0,0,0,0,0,0,0,0,80,0,0,00:08,0,2,0,10:48,MENDERES,KIRSAL BÖLGE
93,2025-01-04 00:00:00,ARAÇ,ELEKT. KISA DEV./ELEKT. KONTAĞI,KISMEN YANARAK KURTARILAN,,0,0,0,0,0,0,0,0,0,0,0,00:07,0,0.5,0,13:40,TORBALI,KIRSAL BÖLGE
94,2025-01-04 00:00:00,BİNA,ELEKT. KISA DEV./ELEKT. KONTAĞI,BAŞLANGIÇTA SÖNDÜRÜLEN,BETONARME,0,0,0,0,0,0,0,0,0,0,0,00:05,0,0,0,14:34,ÇİĞLİ,KENT MERKEZİ
95,2025-01-04 00:00:00,BARAKA/KULÜBE/YAŞAM KONTEYNERİ,ELEKT. KISA DEV./ELEKT. KONTAĞI,TAMAMEN YANAN,DİĞER,0,0,0,0,0,0,0,0,0,0,0,00:05,200,8,0,14:44,BERGAMA,KIRSAL BÖLGE
96,2025-01-04 00:00:00,BİNA,KIVILCIM(DİĞER),BAŞLANGIÇTA SÖNDÜRÜLEN,ÇELİK,0,0,0,0,0,0,0,0,0,0,0,00:05,0,1,0,16:25,KARŞIYAKA,KENT MERKEZİ
97,2025-01-04 00:00:00,BİNA,KONDÜKSİYON (TEMAS İLE ISI TRANSFERİ),BAŞLANGIÇTA SÖNDÜRÜLEN,BETONARME,0,0,0,0,0,0,0,0,0,0,0,00:02,0,3,0,16:27,BORNOVA,KENT MERKEZİ
98,2025-01-04 00:00:00,ARAÇ,PARLAMA (AKARYAKIT MADDESİ),BAŞLANGIÇTA SÖNDÜRÜLEN,,0,0,0,0,0,0,0,0,0,0,0,00:01,0,0.1,0,17:04,TORBALI,KENT MERKEZİ
99,2025-01-04 00:00:00,ARAÇ,ELEKT. KISA DEV./ELEKT. KONTAĞI,TAMAMEN YANAN,,0,0,0,0,0,0,0,0,0,0,0,00:04,50,8,0,17:05,SEFERİHİSAR,KENT MERKEZİ
100,2025-01-04 00:00:00,İŞYERİ,KIVILCIM(BACA),BAŞLANGIÇTA SÖNDÜRÜLEN,BETONARME,0,0,0,0,0,0,0,0,0,0,0,00:04,0,0.1,0,18:10,KARŞIYAKA,KENT MERKEZİ
101,2025-01-04 00:00:00,ÇÖP,AÇIK ATEŞ,BAŞLANGIÇTA SÖNDÜRÜLEN,,0,0,0,0,0,0,0,0,0,0,0,00:11,0,0.6,0,18:47,URLA,KIRSAL BÖLGE
102,2025-01-04 00:00:00,BİNA,ŞÜPHELİ,BAŞLANGIÇTA SÖNDÜRÜLEN,BETONARME,0,0,0,0,0,0,0,0,0,0,0,00:03,0,1.2,0,20:21,KONAK,KENT MERKEZİ
103,2025-01-04 00:00:00,BİNA,AÇIK ATEŞ,BAŞLANGIÇTA SÖNDÜRÜLEN,BETONARME,0,0,0,0,0,0,0,0,0,0,0,00:05,0,3,0,22:00,BORNOVA,KENT MERKEZİ
104,2025-01-05 00:00:00,BİNA,ŞÜPHELİ,KISMEN YANARAK KURTARILAN,BETONARME,0,0,0,0,0,0,0,0,0,0,0,00:07,200,10,0,00:09,BERGAMA,KIRSAL BÖLGE
105,2025-01-05 00:00:00,ÇÖP,SİGARA/KİBRİT,BAŞLANGIÇTA SÖNDÜRÜLEN,,0,0,0,0,0,0,0,0,0,0,0,00:03,0,0.5,0,01:06,BUCA,KENT MERKEZİ
106,2025-01-05 00:00:00,BİNA,ŞÜPHELİ,BAŞLANGIÇTA SÖNDÜRÜLEN,BETONARME,0,0,0,0,0,0,0,0,0,0,0,00:05,0,0,0,01:41,ÖDEMİŞ,KENT MERKEZİ
107,2025-01-05 00:00:00,BİNA,OCAK ÜSTÜ YEMEK UNUTMA,BAŞLANGIÇTA SÖNDÜRÜLEN,BETONARME,0,0,0,0,0,0,0,0,0,0,0,00:04,0,0.5,0,03:40,KONAK,KENT MERKEZİ
108,2025-01-05 00:00:00,BİNA,ELEKT. KISA DEV./ELEKT. KONTAĞI,BAŞLANGIÇTA SÖNDÜRÜLEN,BETONARME,0,0,0,0,0,0,0,0,0,0,0,00:05,0,0.5,0,09:19,KONAK,KENT MERKEZİ
109,2025-01-05 00:00:00,ÇÖP,AÇIK ATEŞ,BAŞLANGIÇTA SÖNDÜRÜLEN,,0,0,0,0,0,0,0,0,0,0,0,00:03,0,0.2,0,09:25,GAZİEMİR,KENT MERKEZİ
110,2025-01-05 00:00:00,BİNA,ELEKT. KISA DEV./ELEKT. KONTAĞI,BAŞLANGIÇTA SÖNDÜRÜLEN,PREFABRİK,0,0,0,0,0,0,0,0,0,0,0,00:12,0,0,0,12:21,BAYINDIR,KIRSAL BÖLGE
111,2025-01-05 00:00:00,ÇÖP,AÇIK ATEŞ,BAŞLANGIÇTA SÖNDÜRÜLEN,,0,0,0,0,0,0,0,0,0,0,0,00:13,0,3,0,14:44,URLA,KIRSAL BÖLGE
112,2025-01-05 00:00:00,OT,AÇIK ATEŞ,BAŞLANGIÇTA SÖNDÜRÜLEN,,0,0,0,0,0,0,0,0,0,0,0,00:05,0,0.5,0,15:22,BERGAMA,KENT MERKEZİ
113,2025-01-05 00:00:00,BİNA,SİGARA/KİBRİT,BAŞLANGIÇTA SÖNDÜRÜLEN,BAĞDADİ(TAŞ YAPI),0,0,0,0,0,0,0,0,0,0,0,00:04,0,2,0,15:33,SELÇUK,KENT MERKEZİ
114,2025-01-05 00:00:00,BİNA,ELEKT. KISA DEV./ELEKT. KONTAĞI,BAŞLANGIÇTA SÖNDÜRÜLEN,BETONARME,0,0,0,0,0,0,0,0,0,0,0,00:11,0,0,0,15:42,BAYINDIR,KIRSAL BÖLGE
115,2025-01-05 00:00:00,OT,AÇIK ATEŞ,BAŞLANGIÇTA SÖNDÜRÜLEN,,0,0,0,0,0,0,0,0,0,0,0,00:05,0,2,0,16:20,MENEMEN,KENT MERKEZİ
116,2025-01-05 00:00:00,BİNA,ELEKT. KISA DEV./ELEKT. KONTAĞI,BAŞLANGIÇTA SÖNDÜRÜLEN,BETONARME,0,0,0,0,0,0,0,0,0,0,0,00:06,0,20,0,16:41,ALİAĞA,KENT MERKEZİ
117,2025-01-05 00:00:00,ÇÖP,AÇIK ATEŞ,BAŞLANGIÇTA SÖNDÜRÜLEN,,0,0,0,0,0,0,0,0,0,0,0,00:08,0,0.5,0,17:47,KINIK,KENT MERKEZİ
118,2025-01-05 00:00:00,TRAFO,ELEKT. KISA DEV./ELEKT. KONTAĞI,BAŞLANGIÇTA SÖNDÜRÜLEN,,0,0,0,0,0,0,0,0,0,0,0,00:03,0,0,6,18:03,KARABAĞLAR,KENT MERKEZİ
119,2025-01-05 00:00:00,ÇÖP,AÇIK ATEŞ,BAŞLANGIÇTA SÖNDÜRÜLEN,,0,0,0,0,0,0,0,0,0,0,0,00:07,0,0.5,0,18:28,BAYRAKLI,KENT MERKEZİ
120,2025-01-05 00:00:00,BİNA,LPG/DOĞALGAZ,BAŞLANGIÇTA SÖNDÜRÜLEN,BETONARME,0,0,0,0,0,0,0,0,0,0,0,00:09,0,0,0,18:51,SEFERİHİSAR,KIRSAL BÖLGE
121,2025-01-05 00:00:00,ÇÖP,AÇIK ATEŞ,BAŞLANGIÇTA SÖNDÜRÜLEN,,0,0,0,0,0,0,0,0,0,0,0,00:04,0,0.1,0,19:25,ÖDEMİŞ,KENT MERKEZİ
122,2025-01-05 00:00:00,ÇÖP,SİGARA/KİBRİT,BAŞLANGIÇTA SÖNDÜRÜLEN,,0,0,0,0,0,0,0,0,0,0,0,00:06,0,0.5,0,19:28,BORNOVA,KENT MERKEZİ
123,2025-01-05 00:00:00,ARAÇ,KIVILCIM(DİĞER),TAMAMEN YANAN,,0,0,0,0,0,0,0,0,0,0,0,00:06,0,2,0,19:41,BALÇOVA,KENT MERKEZİ
124,2025-01-05 00:00:00,ÇÖP,SİGARA/KİBRİT,BAŞLANGIÇTA SÖNDÜRÜLEN,,0,0,0,0,0,0,0,0,0,0,0,00:03,0,0.3,0,19:48,TİRE,KENT MERKEZİ
125,2025-01-05 00:00:00,LASTİK,AÇIK ATEŞ,BAŞLANGIÇTA SÖNDÜRÜLEN,,0,0,0,0,0,0,0,0,0,0,0,00:03,50,5,0,20:22,SELÇUK,KENT MERKEZİ
126,2025-01-05 00:00:00,BARAKA/KULÜBE/YAŞAM KONTEYNERİ,KIVILCIM(DİĞER),BAŞLANGIÇTA SÖNDÜRÜLEN,AHŞAP,0,0,0,0,0,0,0,0,0,0,0,00:17,0,1,0,21:22,MENDERES,KIRSAL BÖLGE
127,2025-01-05 00:00:00,BİNA,ELEKT. KISA DEV./ELEKT. KONTAĞI,BAŞLANGIÇTA SÖNDÜRÜLEN,BETONARME,0,0,0,0,0,0,0,0,0,0,0,00:05,0,0.25,0,21:42,ÇEŞME,KENT MERKEZİ
128,2025-01-05 00:00:00,ÇÖP,SİGARA/KİBRİT,BAŞLANGIÇTA SÖNDÜRÜLEN,,0,0,0,0,0,0,0,0,0,0,0,00:03,0,0.2,0,22:56,BUCA,KENT MERKEZİ
129,2025-01-05 00:00:00,KABLO/DİREK-ELEKT/TEL VB,ELEKT. KISA DEV./ELEKT. KONTAĞI,BAŞLANGIÇTA SÖNDÜRÜLEN,,0,0,0,0,0,0,0,0,0,0,0,00:05,0,0,0,22:57,MENEMEN,KENT MERKEZİ
130,2025-01-06 00:00:00,MOTOSİKLET,ŞÜPHELİ,KISMEN YANARAK KURTARILAN,,0,0,0,0,0,0,0,0,0,0,0,00:05,0,3,0,00:25,KARŞIYAKA,KENT MERKEZİ
131,2025-01-06 00:00:00,FABRİKA/ATÖLYE/İMALATHANE,ELEKT. KISA DEV./ELEKT. KONTAĞI,TAMAMEN YANAN,BETONARME,0,0,0,0,0,0,0,0,0,0,0,00:04,250,40,0,01:08,TORBALI,KIRSAL BÖLGE
132,2025-01-06 00:00:00,ÇÖP,SİGARA/KİBRİT,BAŞLANGIÇTA SÖNDÜRÜLEN,,0,0,0,0,0,0,0,0,0,0,0,00:03,0,0.3,0,10:34,BUCA,KENT MERKEZİ
133,2025-01-06 00:00:00,BİNA,ELEKT. KISA DEV./ELEKT. KONTAĞI,BAŞLANGIÇTA SÖNDÜRÜLEN,BETONARME,0,0,0,0,0,0,0,0,0,0,0,00:04,0,0,1,12:05,BUCA,KENT MERKEZİ
134,2025-01-06 00:00:00,ARAÇ,ELEKT. KISA DEV./ELEKT. KONTAĞI,BAŞLANGIÇTA SÖNDÜRÜLEN,,0,0,0,0,0,0,0,0,0,0,0,00:07,0,1,0,13:22,MENEMEN,KIRSAL BÖLGE
135,2025-01-06 00:00:00,BİNA,SİGARA/KİBRİT,BAŞLANGIÇTA SÖNDÜRÜLEN,BETONARME,0,0,0,0,0,0,0,0,0,0,0,00:03,0,0.1,0,13:57,KONAK,KENT MERKEZİ
136,2025-01-06 00:00:00,İŞYERİ,KIVILCIM(DİĞER),BAŞLANGIÇTA SÖNDÜRÜLEN,BETONARME,0,0,0,0,0,0,0,0,0,0,0,00:02,35,20,0,15:03,BORNOVA,KENT MERKEZİ
137,2025-01-06 00:00:00,BİNA,KIVILCIM(BACA),BAŞLANGIÇTA SÖNDÜRÜLEN,BETONARME,0,0,0,0,0,0,0,0,0,0,0,00:03,0,1,0,15:35,BORNOVA,KENT MERKEZİ
138,2025-01-06 00:00:00,OT,SİGARA/KİBRİT,BAŞLANGIÇTA SÖNDÜRÜLEN,,0,0,0,0,0,0,0,0,0,0,0,00:03,0,1,0,15:39,DİKİLİ,KIRSAL BÖLGE
139,2025-01-06 00:00:00,ÇÖP,AÇIK ATEŞ,BAŞLANGIÇTA SÖNDÜRÜLEN,,0,0,0,0,0,0,0,0,0,0,0,00:05,0,1,0,17:05,BERGAMA,KENT MERKEZİ
140,2025-01-06 00:00:00,ÇÖP,AÇIK ATEŞ,BAŞLANGIÇTA SÖNDÜRÜLEN,,0,0,0,0,0,0,0,0,0,0,0,00:02,0,0.2,0,17:15,BAYRAKLI,KENT MERKEZİ
141,2025-01-06 00:00:00,BİNA,ELEKT. KISA DEV./ELEKT. KONTAĞI,BAŞLANGIÇTA SÖNDÜRÜLEN,BETONARME,0,0,0,0,0,0,0,0,0,0,0,00:03,0,0,0,17:51,BORNOVA,KENT MERKEZİ
142,2025-01-06 00:00:00,ÇÖP,AÇIK ATEŞ,BAŞLANGIÇTA SÖNDÜRÜLEN,,0,0,0,0,0,0,0,0,0,0,0,00:04,0,0.5,0,18:37,BUCA,KENT MERKEZİ
143,2025-01-06 00:00:00,ARAÇ,ELEKT. KISA DEV./ELEKT. KONTAĞI,BAŞLANGIÇTA SÖNDÜRÜLEN,,0,0,0,0,0,0,0,0,0,0,0,00:13,0,0,0,19:37,BAYINDIR,KIRSAL BÖLGE
144,2025-01-06 00:00:00,ÇÖP,SİGARA/KİBRİT,BAŞLANGIÇTA SÖNDÜRÜLEN,,0,0,0,0,0,0,0,0,0,0,0,00:03,0,0.3,0,19:54,KARŞIYAKA,KENT MERKEZİ
145,2025-01-06 00:00:00,BİNA,ŞÜPHELİ,BAŞLANGIÇTA SÖNDÜRÜLEN,BETONARME,0,0,0,6,6,0,0,0,0,0,0,00:03,0,5,0,20:26,BUCA,KENT MERKEZİ
146,2025-01-06 00:00:00,ÇÖP,AÇIK ATEŞ,BAŞLANGIÇTA SÖNDÜRÜLEN,,0,0,0,0,0,0,0,0,0,0,0,00:03,0,0.5,0,22:28,KONAK,KENT MERKEZİ
147,2025-01-06 00:00:00,ÇÖP,SİGARA/KİBRİT,BAŞLANGIÇTA SÖNDÜRÜLEN,,0,0,0,0,0,0,0,0,0,0,0,00:03,0,0.2,0,22:50,KONAK,KENT MERKEZİ
148,2025-01-06 00:00:00,ÇÖP,SİGARA/KİBRİT,BAŞLANGIÇTA SÖNDÜRÜLEN,,0,0,0,0,0,0,0,0,0,0,0,00:04,0,20,0,22:51,BUCA,KENT MERKEZİ
149,2025-01-07 00:00:00,ÇÖP,AÇIK ATEŞ,BAŞLANGIÇTA SÖNDÜRÜLEN,,0,0,0,0,0,0,0,0,0,0,0,00:06,0,3,0,00:19,MENEMEN,KENT MERKEZİ
150,2025-01-07 00:00:00,ÇÖP,AÇIK ATEŞ,BAŞLANGIÇTA SÖNDÜRÜLEN,,0,0,0,0,0,0,0,0,0,0,0,00:04,0,2,0,01:06,MENEMEN,KENT MERKEZİ
151,2025-01-07 00:00:00,ÇÖP,SİGARA/KİBRİT,BAŞLANGIÇTA SÖNDÜRÜLEN,,0,0,0,0,0,0,0,0,0,0,0,00:02,0,0,0,01:45,KARABAĞLAR,KENT MERKEZİ
152,2025-01-07 00:00:00,ÇÖP,SİGARA/KİBRİT,BAŞLANGIÇTA SÖNDÜRÜLEN,,0,0,0,0,0,0,0,0,0,0,0,00:03,0,1,0,03:10,BUCA,KENT MERKEZİ
153,2025-01-07 00:00:00,BİNA,ELEKT. KISA DEV./ELEKT. KONTAĞI,BAŞLANGIÇTA SÖNDÜRÜLEN,BETONARME,0,0,0,0,0,0,0,0,0,0,0,00:05,0,0.1,0,03:25,MENDERES,KIRSAL BÖLGE
154,2025-01-07 00:00:00,ARAÇ,ELEKT. KISA DEV./ELEKT. KONTAĞI,BAŞLANGIÇTA SÖNDÜRÜLEN,,0,0,0,0,0,0,0,0,0,0,0,00:01,0,0.3,0,05:45,KONAK,KENT MERKEZİ
155,2025-01-07 00:00:00,ARAÇ,ELEKT. KISA DEV./ELEKT. KONTAĞI,TAMAMEN YANAN,,0,0,0,0,0,0,0,0,0,0,0,00:10,45,2,0,06:06,ALİAĞA,KIRSAL BÖLGE
156,2025-01-07 00:00:00,ARAÇ,SİGARA/KİBRİT,BAŞLANGIÇTA SÖNDÜRÜLEN,,0,0,0,0,0,0,0,0,0,0,0,00:06,0,3,0,09:44,MENEMEN,KIRSAL BÖLGE
157,2025-01-07 00:00:00,BİNA,ELEKT. KISA DEV./ELEKT. KONTAĞI,BAŞLANGIÇTA SÖNDÜRÜLEN,BETONARME,0,0,0,0,0,0,0,0,0,0,0,00:04,0,0,0,10:31,KONAK,KENT MERKEZİ
158,2025-01-07 00:00:00,BİNA,ELEKT. KISA DEV./ELEKT. KONTAĞI,BAŞLANGIÇTA SÖNDÜRÜLEN,BETONARME,0,0,0,0,0,0,0,0,0,0,0,00:10,0,0,0,11:34,KEMALPAŞA,KENT MERKEZİ
159,2025-01-07 00:00:00,ÇÖP,SİGARA/KİBRİT,BAŞLANGIÇTA SÖNDÜRÜLEN,,0,0,0,0,0,0,0,0,0,0,0,00:03,0,0.1,0,13:06,KONAK,KENT MERKEZİ
160,2025-01-07 00:00:00,KARGILIK,AÇIK ATEŞ,BAŞLANGIÇTA SÖNDÜRÜLEN,,0,0,0,0,0,0,0,0,0,0,0,00:03,0,3,0,15:50,BERGAMA,KIRSAL BÖLGE
161,2025-01-07 00:00:00,ÇÖP,AÇIK ATEŞ,BAŞLANGIÇTA SÖNDÜRÜLEN,,0,0,0,0,0,0,0,0,0,0,0,00:03,0,0.5,0,16:01,KONAK,KENT MERKEZİ
162,2025-01-07 00:00:00,ARAÇ,ELEKT. KISA DEV./ELEKT. KONTAĞI,KISMEN YANARAK KURTARILAN,,0,0,0,0,0,0,0,0,0,0,0,00:05,0,0,0,16:26,ALİAĞA,KIRSAL BÖLGE
163,2025-01-07 00:00:00,BİNA,KIVILCIM(BACA),BAŞLANGIÇTA SÖNDÜRÜLEN,BETONARME,0,0,0,0,0,0,0,0,0,0,0,00:04,0,0,0,17:46,BAYINDIR,KENT MERKEZİ
164,2025-01-07 00:00:00,ÇÖP,AÇIK ATEŞ,BAŞLANGIÇTA SÖNDÜRÜLEN,,0,0,0,0,0,0,0,0,0,0,0,00:13,0,1,0,19:14,KEMALPAŞA,KIRSAL BÖLGE
165,2025-01-07 00:00:00,BİNA,ELEKT. KISA DEV./ELEKT. KONTAĞI,BAŞLANGIÇTA SÖNDÜRÜLEN,BETONARME,0,0,0,0,0,0,0,0,0,0,0,00:02,0,0,6,20:16,DİKİLİ,KIRSAL BÖLGE
166,2025-01-07 00:00:00,BİNA,KIVILCIM(BACA),BAŞLANGIÇTA SÖNDÜRÜLEN,DİĞER,0,0,0,0,0,0,0,0,0,0,0,00:03,0,3,0,20:17,KONAK,KENT MERKEZİ
167,2025-01-07 00:00:00,ÇÖP,SİGARA/KİBRİT,BAŞLANGIÇTA SÖNDÜRÜLEN,,0,0,0,0,0,0,0,0,0,0,0,00:04,0,1,0,20:43,BUCA,KENT MERKEZİ
168,2025-01-07 00:00:00,ÇÖP,SİGARA/KİBRİT,BAŞLANGIÇTA SÖNDÜRÜLEN,,0,0,0,0,0,0,0,0,0,0,0,00:05,0,1,0,21:14,BORNOVA,KENT MERKEZİ
169,2025-01-07 00:00:00,ARAÇ,ELEKT. KISA DEV./ELEKT. KONTAĞI,BAŞLANGIÇTA SÖNDÜRÜLEN,,0,0,0,0,0,0,0,0,0,0,0,00:03,0,0.5,0,21:33,BAYRAKLI,KENT MERKEZİ
170,2025-01-07 00:00:00,ÇÖP,AÇIK ATEŞ,BAŞLANGIÇTA SÖNDÜRÜLEN,,0,0,0,0,0,0,0,0,0,0,0,00:04,0,0.2,0,21:58,KARABAĞLAR,KENT MERKEZİ
171,2025-01-07 00:00:00,ÇÖP,AÇIK ATEŞ,BAŞLANGIÇTA SÖNDÜRÜLEN,,0,0,0,0,0,0,0,0,0,0,0,00:03,0,0.1,0,22:41,GAZİEMİR,KENT MERKEZİ
172,2025-01-07 00:00:00,BİNA,KIVILCIM(BACA),BAŞLANGIÇTA SÖNDÜRÜLEN,BETONARME,0,0,0,0,0,0,0,0,0,0,0,00:03,0,0,0,23:03,KARABAĞLAR,KENT MERKEZİ
173,2025-01-07 00:00:00,ÇÖP,SİGARA/KİBRİT,BAŞLANGIÇTA SÖNDÜRÜLEN,,0,0,0,0,0,0,0,0,0,0,0,00:04,0,1,0,23:18,BUCA,KENT MERKEZİ
174,2025-01-07 00:00:00,DİĞER,SİGARA/KİBRİT,BAŞLANGIÇTA SÖNDÜRÜLEN,,0,0,0,0,0,0,0,0,0,0,0,00:07,0,1,0,23:29,BAYRAKLI,KENT MERKEZİ
175,2025-01-08 00:00:00,BİNA,AÇIK ATEŞ,BAŞLANGIÇTA SÖNDÜRÜLEN,BETONARME,0,0,0,0,0,0,0,0,0,0,0,00:05,0,1.5,0,03:15,BORNOVA,KENT MERKEZİ
176,2025-01-08 00:00:00,İŞYERİ,KIVILCIM(DİĞER),BAŞLANGIÇTA SÖNDÜRÜLEN,BETONARME,0,0,0,0,0,0,0,0,0,0,0,00:03,0,3,0,05:39,BERGAMA,KENT MERKEZİ
177,2025-01-08 00:00:00,ARAÇ,ELEKT. KISA DEV./ELEKT. KONTAĞI,BAŞLANGIÇTA SÖNDÜRÜLEN,,0,0,0,0,0,0,0,0,0,0,0,00:04,0,0.3,0,09:13,GÜZELBAHÇE,KENT MERKEZİ
178,2025-01-08 00:00:00,BİNA,AÇIK ATEŞ,BAŞLANGIÇTA SÖNDÜRÜLEN,DİĞER,0,0,0,0,0,0,0,0,0,0,0,00:06,0,3,0,12:49,KONAK,KENT MERKEZİ
179,2025-01-08 00:00:00,ÇÖP,AÇIK ATEŞ,BAŞLANGIÇTA SÖNDÜRÜLEN,,0,0,0,0,0,0,0,0,0,0,0,00:05,0,1,0,12:50,BUCA,KENT MERKEZİ
180,2025-01-08 00:00:00,ÇÖP,AÇIK ATEŞ,BAŞLANGIÇTA SÖNDÜRÜLEN,,0,0,0,0,0,0,0,0,0,0,0,00:01,0,2,0,14:28,BERGAMA,KENT MERKEZİ
181,2025-01-08 00:00:00,OT,AÇIK ATEŞ,BAŞLANGIÇTA SÖNDÜRÜLEN,,0,0,0,0,0,0,0,0,0,0,0,00:11,0,1,,14:57,ALİAĞA,KIRSAL BÖLGE
182,2025-01-08 00:00:00,BİNA,KIVILCIM(BACA),KISMEN YANARAK KURTARILAN,BAĞDADİ(TAŞ YAPI),0,0,0,1,0,0,0,0,0,0,0,00:02,0,25,0,15:38,KİRAZ,KENT MERKEZİ
183,2025-01-08 00:00:00,ÇÖP,SİGARA/KİBRİT,BAŞLANGIÇTA SÖNDÜRÜLEN,,0,0,0,0,0,0,0,0,0,0,0,00:05,0,1.5,0,16:25,KARŞIYAKA,KENT MERKEZİ
184,2025-01-08 00:00:00,ÇÖP,AÇIK ATEŞ,BAŞLANGIÇTA SÖNDÜRÜLEN,,0,0,0,0,0,0,0,0,0,0,0,00:07,0,1,0,16:29,ÖDEMİŞ,KIRSAL BÖLGE
185,2025-01-08 00:00:00,ÇÖP,AÇIK ATEŞ,BAŞLANGIÇTA SÖNDÜRÜLEN,,0,0,0,0,0,0,0,0,0,0,0,00:05,0,1.8,0,17:55,BUCA,KENT MERKEZİ
186,2025-01-08 00:00:00,ÇÖP,AÇIK ATEŞ,BAŞLANGIÇTA SÖNDÜRÜLEN,,0,0,0,0,0,0,0,0,0,0,0,00:04,0,0.1,0,19:00,BORNOVA,KENT MERKEZİ
187,2025-01-08 00:00:00,ÇÖP,AÇIK ATEŞ,BAŞLANGIÇTA SÖNDÜRÜLEN,,0,0,0,0,0,0,0,0,0,0,0,00:03,0,3,0,19:18,SELÇUK,KIRSAL BÖLGE
188,2025-01-08 00:00:00,ÇÖP,AÇIK ATEŞ,BAŞLANGIÇTA SÖNDÜRÜLEN,,0,0,0,0,0,0,0,0,0,0,0,00:06,0,0.5,0,21:03,BORNOVA,KENT MERKEZİ
189,2025-01-08 00:00:00,ÇÖP,AÇIK ATEŞ,BAŞLANGIÇTA SÖNDÜRÜLEN,,0,0,0,0,0,0,0,0,0,0,0,00:05,0,3,0,21:28,BUCA,KENT MERKEZİ
190,2025-01-08 00:00:00,KABLO/DİREK-ELEKT/TEL VB,ELEKT. KISA DEV./ELEKT. KONTAĞI,BAŞLANGIÇTA SÖNDÜRÜLEN,,0,0,0,0,0,0,0,0,0,0,0,00:03,0,0,0,21:45,BUCA,KENT MERKEZİ
191,2025-01-08 00:00:00,ODUN/KÖMÜR-AÇIK ALANDA,AÇIK ATEŞ,BAŞLANGIÇTA SÖNDÜRÜLEN,,0,0,0,0,0,0,0,0,0,0,0,00:10,0,15,0,21:46,MENEMEN,KENT MERKEZİ
192,2025-01-08 00:00:00,ÇÖP,SİGARA/KİBRİT,BAŞLANGIÇTA SÖNDÜRÜLEN,,0,0,0,0,0,0,0,0,0,0,0,00:04,0,0.5,0,21:51,ALİAĞA,KENT MERKEZİ
193,2025-01-08 00:00:00,BİNA,ŞÜPHELİ,TAMAMEN YANAN,DİĞER,0,0,0,0,0,0,0,0,0,0,0,00:07,0,6,0,22:54,KONAK,KENT MERKEZİ
194,2025-01-08 00:00:00,BİNA,KIVILCIM(BACA),BAŞLANGIÇTA SÖNDÜRÜLEN,BETONARME,0,0,0,0,0,0,0,0,0,0,0,00:06,0,0.9,6,23:13,KEMALPAŞA,KIRSAL BÖLGE
195,2025-01-09 00:00:00,ÇÖP,AÇIK ATEŞ,BAŞLANGIÇTA SÖNDÜRÜLEN,,0,0,0,0,0,0,0,0,0,0,0,00:02,0,3,0,00:08,BERGAMA,KENT MERKEZİ
196,2025-01-09 00:00:00,PARK,AÇIK ATEŞ,KISMEN YANARAK KURTARILAN,,0,0,0,0,0,0,0,0,0,0,0,00:03,0,0.5,0,00:25,KARABAĞLAR,KENT MERKEZİ
197,2025-01-09 00:00:00,ÇÖP,SİGARA/KİBRİT,BAŞLANGIÇTA SÖNDÜRÜLEN,,0,0,0,0,0,0,0,0,0,0,0,00:05,0,0.5,0,01:31,BUCA,KENT MERKEZİ
198,2025-01-09 00:00:00,BİNA,AÇIK ATEŞ,BAŞLANGIÇTA SÖNDÜRÜLEN,BETONARME,0,0,0,0,0,0,0,0,0,0,0,00:05,0,2,0,02:42,MENEMEN,KENT MERKEZİ
199,2025-01-09 00:00:00,İŞYERİ,ELEKT. KISA DEV./ELEKT. KONTAĞI,BAŞLANGIÇTA SÖNDÜRÜLEN,BETONARME,0,0,0,0,0,0,0,0,0,0,0,00:03,0,0.01,0,03:00,TORBALI,KENT MERKEZİ
200,2025-01-09 00:00:00,FABRİKA/ATÖLYE/İMALATHANE,ELEKT. KISA DEV./ELEKT. KONTAĞI,BAŞLANGIÇTA SÖNDÜRÜLEN,BETONARME,0,0,0,0,0,0,0,0,0,0,0,00:05,0,0.1,0,03:25,KARABAĞLAR,KENT MERKEZİ
201,2025-01-09 00:00:00,BİNA,ELEKT. KISA DEV./ELEKT. KONTAĞI,BAŞLANGIÇTA SÖNDÜRÜLEN,BETONARME,0,0,0,0,0,0,0,0,0,0,0,00:04,0,0.3,0,03:35,KARŞIYAKA,KENT MERKEZİ
202,2025-01-09 00:00:00,BİNA,ELEKT. KISA DEV./ELEKT. KONTAĞI,BAŞLANGIÇTA SÖNDÜRÜLEN,BETONARME,0,0,0,0,0,0,0,0,0,0,0,00:03,0,0,0,07:48,KONAK,KENT MERKEZİ
203,2025-01-09 00:00:00,BİNA,ELEKT. KISA DEV./ELEKT. KONTAĞI,BAŞLANGIÇTA SÖNDÜRÜLEN,BETONARME,0,0,0,0,0,0,0,0,0,0,0,00:06,0,0.01,0,09:19,TORBALI,KENT MERKEZİ
204,2025-01-09 00:00:00,BİNA,KIVILCIM(BACA),KISMEN YANARAK KURTARILAN,DİĞER,0,0,0,0,0,0,0,0,0,0,0,00:10,0,10,0,09:43,KEMALPAŞA,KIRSAL BÖLGE
205,2025-01-09 00:00:00,BİNA,KIVILCIM(BACA),BAŞLANGIÇTA SÖNDÜRÜLEN,BETONARME,0,0,0,0,0,0,0,0,0,0,0,00:02,0,0.1,0,10:06,TİRE,KENT MERKEZİ
206,2025-01-09 00:00:00,BİNA,ÇOCUKLARIN ATEŞLE OYNAMASI,BAŞLANGIÇTA SÖNDÜRÜLEN,BETONARME,0,0,0,0,2,0,0,0,0,0,0,00:03,0,1,0,10:55,BUCA,KENT MERKEZİ
207,2025-01-09 00:00:00,ÇÖP,AÇIK ATEŞ,BAŞLANGIÇTA SÖNDÜRÜLEN,,0,0,0,0,0,0,0,0,0,0,0,00:03,0,2,0,12:17,BEYDAĞ,KIRSAL BÖLGE
208,2025-01-09 00:00:00,ÇÖP,AÇIK ATEŞ,BAŞLANGIÇTA SÖNDÜRÜLEN,,0,0,0,0,0,0,0,0,0,0,0,00:04,0,1,0,14:06,MENEMEN,KENT MERKEZİ
209,2025-01-09 00:00:00,ÇÖP,SİGARA/KİBRİT,BAŞLANGIÇTA SÖNDÜRÜLEN,,0,0,0,0,0,0,0,0,0,0,0,00:05,0,1.8,0,14:24,BUCA,KENT MERKEZİ
210,2025-01-09 00:00:00,BİNA,ELEKT. KISA DEV./ELEKT. KONTAĞI,BAŞLANGIÇTA SÖNDÜRÜLEN,BETONARME,0,0,0,1,0,0,0,0,0,0,0,00:02,0,1,0,14:57,BUCA,KENT MERKEZİ
211,2025-01-09 00:00:00,ÇÖP,SİGARA/KİBRİT,BAŞLANGIÇTA SÖNDÜRÜLEN,,0,0,0,0,0,0,0,0,0,0,0,00:01,0,0.5,0,15:16,KARABAĞLAR,KENT MERKEZİ
212,2025-01-09 00:00:00,İŞYERİ,KIVILCIM(BACA),BAŞLANGIÇTA SÖNDÜRÜLEN,BETONARME,0,0,0,0,0,0,0,0,0,0,0,00:02,0,0.2,0,15:35,BORNOVA,KENT MERKEZİ
213,2025-01-09 00:00:00,ARAÇ,ELEKT. KISA DEV./ELEKT. KONTAĞI,KISMEN YANARAK KURTARILAN,,0,0,0,0,0,0,0,0,0,0,0,00:02,20,0.4,0,17:05,URLA,KENT MERKEZİ
214,2025-01-09 00:00:00,KÜMES,ELEKT. KISA DEV./ELEKT. KONTAĞI,KISMEN YANARAK KURTARILAN,BETONARME,0,0,0,0,0,0,0,0,0,0,0,00:14,0,10,0,17:51,MENDERES,KIRSAL BÖLGE
215,2025-01-09 00:00:00,OT,SİGARA/KİBRİT,BAŞLANGIÇTA SÖNDÜRÜLEN,,0,0,0,0,0,0,0,0,0,0,0,00:06,0,1,0,18:39,ÇİĞLİ,KIRSAL BÖLGE
216,2025-01-09 00:00:00,ÇÖP,SİGARA/KİBRİT,BAŞLANGIÇTA SÖNDÜRÜLEN,,0,0,0,0,0,0,0,0,0,0,0,00:02,0,0.5,0,18:47,ÖDEMİŞ,KENT MERKEZİ
217,2025-01-09 00:00:00,ÇÖP,SİGARA/KİBRİT,BAŞLANGIÇTA SÖNDÜRÜLEN,,0,0,0,0,0,0,0,0,0,0,0,00:04,0,1,0,18:50,KİRAZ,KIRSAL BÖLGE
218,2025-01-09 00:00:00,ÇÖP,AÇIK ATEŞ,BAŞLANGIÇTA SÖNDÜRÜLEN,,0,0,0,0,0,0,0,0,0,0,0,00:05,0,1,0,18:55,MENEMEN,KENT MERKEZİ
219,2025-01-09 00:00:00,BİNA,KONVEKSİYON (HAVA İLE ISI TRANSFERİ),BAŞLANGIÇTA SÖNDÜRÜLEN,BETONARME,0,0,0,0,0,0,0,0,0,0,0,00:05,0,0,0,19:06,KONAK,KENT MERKEZİ
220,2025-01-09 00:00:00,ÇÖP,SİGARA/KİBRİT,BAŞLANGIÇTA SÖNDÜRÜLEN,,0,0,0,0,0,0,0,0,0,0,0,00:04,0,0.2,0,20:00,KONAK,KENT MERKEZİ
221,2025-01-09 00:00:00,ARAÇ,ISINMA/SÜRTÜNME,BAŞLANGIÇTA SÖNDÜRÜLEN,,0,0,0,0,0,0,0,0,0,0,0,00:12,0,1,0,20:37,URLA,KIRSAL BÖLGE
222,2025-01-09 00:00:00,ODUN/KÖMÜR-AÇIK ALANDA,AÇIK ATEŞ,BAŞLANGIÇTA SÖNDÜRÜLEN,,0,0,0,0,0,0,0,0,0,0,0,00:05,0,0.01,0,22:22,GAZİEMİR,KENT MERKEZİ
223,2025-01-09 00:00:00,ÇÖP,AÇIK ATEŞ,BAŞLANGIÇTA SÖNDÜRÜLEN,,0,0,0,0,0,0,0,0,0,0,0,00:05,0,1,0,22:25,KARŞIYAKA,KENT MERKEZİ
224,2025-01-09 00:00:00,ÇÖP,SİGARA/KİBRİT,BAŞLANGIÇTA SÖNDÜRÜLEN,,0,0,0,0,0,0,0,0,0,0,0,00:03,0,1,0,22:53,KONAK,KENT MERKEZİ
225,2025-01-09 00:00:00,BİNA,KIVILCIM(BACA),BAŞLANGIÇTA SÖNDÜRÜLEN,BETONARME,0,0,0,0,0,0,0,0,0,0,0,00:04,0,0.1,0,23:12,ÇEŞME,KENT MERKEZİ
226,2025-01-10 00:00:00,ÇÖP,SİGARA/KİBRİT,BAŞLANGIÇTA SÖNDÜRÜLEN,,0,0,0,0,0,0,0,0,0,0,0,00:03,0,0.2,0,00:31,TORBALI,KENT MERKEZİ
227,2025-01-10 00:00:00,ARAÇ,KUNDAKLAMA/SABOTAJ,KISMEN YANARAK KURTARILAN,,0,0,0,0,0,0,0,0,0,0,0,00:13,0,2,0,01:36,BAYINDIR,KIRSAL BÖLGE
228,2025-01-10 00:00:00,BİNA,ELEKT. KISA DEV./ELEKT. KONTAĞI,BAŞLANGIÇTA SÖNDÜRÜLEN,BETONARME,0,0,0,0,0,0,0,0,0,0,0,00:04,0,3,0,03:02,KONAK,KENT MERKEZİ
229,2025-01-10 00:00:00,MOTOSİKLET,KASIT,TAMAMEN YANAN,,0,0,0,0,0,0,0,0,0,0,0,00:03,0,1,0,04:01,BUCA,KENT MERKEZİ
230,2025-01-10 00:00:00,ARAÇ,KIZIŞMA,BAŞLANGIÇTA SÖNDÜRÜLEN,,0,0,0,0,0,0,0,0,0,0,0,00:04,0,0.1,0,08:08,KARABAĞLAR,KENT MERKEZİ
231,2025-01-10 00:00:00,BİNA,ELEKT. KISA DEV./ELEKT. KONTAĞI,BAŞLANGIÇTA SÖNDÜRÜLEN,BETONARME,0,0,0,0,0,0,0,0,0,0,0,00:05,0,0,0,11:01,BAYRAKLI,KENT MERKEZİ
232,2025-01-10 00:00:00,ÇÖP,AÇIK ATEŞ,BAŞLANGIÇTA SÖNDÜRÜLEN,,0,0,0,0,0,0,0,0,0,0,0,00:06,0,3,0,11:59,MENEMEN,KIRSAL BÖLGE
233,2025-01-10 00:00:00,ÇÖP,AÇIK ATEŞ,BAŞLANGIÇTA SÖNDÜRÜLEN,,0,0,0,0,0,0,0,0,0,0,0,00:03,0,0.5,0,12:07,KARABAĞLAR,KENT MERKEZİ
234,2025-01-10 00:00:00,BİNA,SİGARA/KİBRİT,BAŞLANGIÇTA SÖNDÜRÜLEN,BETONARME,0,0,0,0,0,0,0,0,0,0,0,00:03,0,0.3,0,15:29,KONAK,KENT MERKEZİ
235,2025-01-10 00:00:00,ÇÖP,SİGARA/KİBRİT,BAŞLANGIÇTA SÖNDÜRÜLEN,,0,0,0,0,0,0,0,0,0,0,0,00:05,0,1,0,16:00,BORNOVA,KENT MERKEZİ
236,2025-01-10 00:00:00,ÇÖP,AÇIK ATEŞ,BAŞLANGIÇTA SÖNDÜRÜLEN,,0,0,0,0,0,0,0,0,0,0,0,00:04,0,0.2,0,17:02,URLA,KENT MERKEZİ
237,2025-01-10 00:00:00,İŞYERİ,ELEKT. KISA DEV./ELEKT. KONTAĞI,BAŞLANGIÇTA SÖNDÜRÜLEN,BETONARME,0,0,0,0,0,0,0,0,0,0,0,00:03,0,0,0,17:04,KEMALPAŞA,KIRSAL BÖLGE
238,2025-01-10 00:00:00,BİNA,ELEKT. KISA DEV./ELEKT. KONTAĞI,BAŞLANGIÇTA SÖNDÜRÜLEN,BETONARME,0,0,0,0,0,0,0,0,0,0,0,00:02,0,0,0,17:45,KARABAĞLAR,KENT MERKEZİ
239,2025-01-10 00:00:00,ÇÖP,SİGARA/KİBRİT,BAŞLANGIÇTA SÖNDÜRÜLEN,,0,0,0,0,0,0,0,0,0,0,0,00:04,0,2,0,17:54,BUCA,KENT MERKEZİ
240,2025-01-10 00:00:00,ÇÖP,SİGARA/KİBRİT,BAŞLANGIÇTA SÖNDÜRÜLEN,,0,0,0,0,0,0,0,0,0,0,0,00:06,0,1,0,17:54,BORNOVA,KENT MERKEZİ
241,2025-01-10 00:00:00,AĞAÇ,SİGARA/KİBRİT,BAŞLANGIÇTA SÖNDÜRÜLEN,,0,0,0,0,0,0,0,0,0,0,0,00:03,0,0.4,0,18:18,GÜZELBAHÇE,KENT MERKEZİ
242,2025-01-10 00:00:00,ÇÖP,AÇIK ATEŞ,BAŞLANGIÇTA SÖNDÜRÜLEN,,0,0,0,0,0,0,0,0,0,0,0,00:05,0,2,0,18:25,ALİAĞA,KENT MERKEZİ
243,2025-01-10 00:00:00,ÇÖP,SİGARA/KİBRİT,BAŞLANGIÇTA SÖNDÜRÜLEN,,0,0,0,0,0,0,0,0,0,0,0,00:04,0,5,0,18:42,ÇİĞLİ,KENT MERKEZİ
244,2025-01-10 00:00:00,ÇÖP,SİGARA/KİBRİT,BAŞLANGIÇTA SÖNDÜRÜLEN,,0,0,0,0,0,0,0,0,0,0,0,00:04,0,0.5,0,19:03,KARABAĞLAR,KENT MERKEZİ
245,2025-01-10 00:00:00,OT,SİGARA/KİBRİT,BAŞLANGIÇTA SÖNDÜRÜLEN,,0,0,0,0,0,0,0,0,0,0,0,00:11,0,3,0,19:51,ÇİĞLİ,KIRSAL BÖLGE
246,2025-01-10 00:00:00,BİNA,KASIT,BAŞLANGIÇTA SÖNDÜRÜLEN,BETONARME,0,0,0,0,0,0,0,0,0,0,0,00:03,0,0.3,0,20:02,KONAK,KENT MERKEZİ
247,2025-01-10 00:00:00,ÇÖP,AÇIK ATEŞ,BAŞLANGIÇTA SÖNDÜRÜLEN,,0,0,0,0,0,0,0,0,0,0,0,00:05,0,0.2,0,20:18,MENDERES,KIRSAL BÖLGE
248,2025-01-10 00:00:00,ÇÖP,SİGARA/KİBRİT,BAŞLANGIÇTA SÖNDÜRÜLEN,,0,0,0,0,0,0,0,0,0,0,0,00:05,0,0.3,0,20:18,TORBALI,KIRSAL BÖLGE
249,2025-01-10 00:00:00,BİNA,ELEKT. KISA DEV./ELEKT. KONTAĞI,BAŞLANGIÇTA SÖNDÜRÜLEN,BETONARME,0,0,0,0,0,0,0,0,0,0,0,00:03,0,0,0,22:02,KARABAĞLAR,KENT MERKEZİ
250,2025-01-10 00:00:00,ÇÖP,AÇIK ATEŞ,BAŞLANGIÇTA SÖNDÜRÜLEN,,0,0,0,0,0,0,0,0,0,0,0,00:04,0,0.5,0,22:29,BORNOVA,KENT MERKEZİ
251,2025-01-10 00:00:00,ÇÖP,SİGARA/KİBRİT,BAŞLANGIÇTA SÖNDÜRÜLEN,,0,0,0,0,0,0,0,0,0,0,0,00:05,0,1,0,22:34,BORNOVA,KENT MERKEZİ
252,2025-01-10 00:00:00,BİNA,KASIT,BAŞLANGIÇTA SÖNDÜRÜLEN,BETONARME,0,0,0,0,0,0,0,0,0,0,0,00:05,0,1,0,22:58,KONAK,KENT MERKEZİ
253,2025-01-10 00:00:00,ÇÖP,SİGARA/KİBRİT,BAŞLANGIÇTA SÖNDÜRÜLEN,,0,0,0,0,0,0,0,0,0,0,0,00:04,0,10,0,23:01,BUCA,KENT MERKEZİ
254,2025-01-10 00:00:00,ÇÖP,SİGARA/KİBRİT,BAŞLANGIÇTA SÖNDÜRÜLEN,,0,0,0,0,0,0,0,0,0,0,0,00:06,0,0.5,0,23:23,SEFERİHİSAR,KIRSAL BÖLGE
255,2025-01-10 00:00:00,BİNA,KIVILCIM(BACA),BAŞLANGIÇTA SÖNDÜRÜLEN,BETONARME,0,0,0,0,0,0,0,0,0,0,0,00:05,0,0,0,23:50,ÇİĞLİ,KENT MERKEZİ
256,2025-01-10 00:00:00,ÇÖP,SİGARA/KİBRİT,BAŞLANGIÇTA SÖNDÜRÜLEN,,0,0,0,0,0,0,0,0,0,0,0,00:05,0,0.5,0,23:52,BUCA,KENT MERKEZİ
257,2025-01-11 00:00:00,ARAÇ,ISINMA/SÜRTÜNME,BAŞLANGIÇTA SÖNDÜRÜLEN,,0,0,0,0,0,0,0,0,0,0,0,00:08,0,2,0,06:13,KEMALPAŞA,KIRSAL BÖLGE
258,2025-01-11 00:00:00,ÇÖP,AÇIK ATEŞ,BAŞLANGIÇTA SÖNDÜRÜLEN,,0,0,0,0,0,0,0,0,0,0,0,00:05,0,1,0,10:37,KARŞIYAKA,KENT MERKEZİ
259,2025-01-11 00:00:00,ÇÖP,AÇIK ATEŞ,BAŞLANGIÇTA SÖNDÜRÜLEN,,0,0,0,0,0,0,0,0,0,0,0,00:06,0,1,0,11:16,BORNOVA,KENT MERKEZİ
260,2025-01-11 00:00:00,ÇÖP,AÇIK ATEŞ,BAŞLANGIÇTA SÖNDÜRÜLEN,,0,0,0,0,0,0,0,0,0,0,0,00:05,0,2,0,11:50,SELÇUK,KIRSAL BÖLGE
261,2025-01-11 00:00:00,BİNA,ELEKT. KISA DEV./ELEKT. KONTAĞI,BAŞLANGIÇTA SÖNDÜRÜLEN,BETONARME,0,0,0,0,0,0,0,0,0,0,0,00:05,0,0,0,13:10,BUCA,KENT MERKEZİ
262,2025-01-11 00:00:00,OT,AÇIK ATEŞ,BAŞLANGIÇTA SÖNDÜRÜLEN,,0,0,0,0,0,0,0,0,0,0,0,00:10,0,1,0,13:57,ALİAĞA,KIRSAL BÖLGE
263,2025-01-11 00:00:00,OT,AÇIK ATEŞ,BAŞLANGIÇTA SÖNDÜRÜLEN,,0,0,0,0,0,0,0,0,0,0,0,00:10,0,2,0,14:15,DİKİLİ,KIRSAL BÖLGE
264,2025-01-11 00:00:00,İŞYERİ,KIVILCIM(BACA),BAŞLANGIÇTA SÖNDÜRÜLEN,BETONARME,0,0,0,0,0,0,0,0,0,0,0,00:04,0,0,0,15:21,ÇİĞLİ,KENT MERKEZİ
265,2025-01-11 00:00:00,ÇÖP,AÇIK ATEŞ,BAŞLANGIÇTA SÖNDÜRÜLEN,,0,0,0,0,0,0,0,0,0,0,0,00:05,0,20,0,16:21,MENEMEN,KENT MERKEZİ
266,2025-01-11 00:00:00,ÇÖP,AÇIK ATEŞ,BAŞLANGIÇTA SÖNDÜRÜLEN,,0,0,0,0,0,0,0,0,0,0,0,00:05,0,0.3,0,16:50,BORNOVA,KENT MERKEZİ
267,2025-01-11 00:00:00,ÇÖP,AÇIK ATEŞ,BAŞLANGIÇTA SÖNDÜRÜLEN,,0,0,0,0,0,0,0,0,0,0,0,00:05,0,1,0,17:21,KEMALPAŞA,KENT MERKEZİ
268,2025-01-11 00:00:00,BİNA,KIVILCIM(BACA),BAŞLANGIÇTA SÖNDÜRÜLEN,BETONARME,0,0,0,0,0,0,0,0,0,0,0,00:03,0,0.05,0,18:15,DİKİLİ,KIRSAL BÖLGE
269,2025-01-11 00:00:00,OT,AÇIK ATEŞ,BAŞLANGIÇTA SÖNDÜRÜLEN,,0,0,0,0,0,0,0,0,0,0,0,00:05,0,0.5,0,18:32,ÖDEMİŞ,KENT MERKEZİ
270,2025-01-11 00:00:00,ÇÖP,AÇIK ATEŞ,BAŞLANGIÇTA SÖNDÜRÜLEN,,0,0,0,0,0,0,0,0,0,0,0,00:03,0,1,0,19:15,SELÇUK,KENT MERKEZİ
271,2025-01-11 00:00:00,ÇÖP,AÇIK ATEŞ,BAŞLANGIÇTA SÖNDÜRÜLEN,,0,0,0,0,0,0,0,0,0,0,0,00:10,0,2,0,19:27,URLA,KIRSAL BÖLGE
272,2025-01-11 00:00:00,ÇÖP,SİGARA/KİBRİT,BAŞLANGIÇTA SÖNDÜRÜLEN,,0,0,0,0,0,0,0,0,0,0,0,00:05,0,0.3,0,19:48,KARABAĞLAR,KENT MERKEZİ
273,2025-01-11 00:00:00,BİNA,KIVILCIM(BACA),BAŞLANGIÇTA SÖNDÜRÜLEN,BETONARME,0,0,0,0,0,0,0,0,0,0,0,00:01,0,0,0,20:21,KONAK,KENT MERKEZİ
274,2025-01-11 00:00:00,ÇÖP,AÇIK ATEŞ,BAŞLANGIÇTA SÖNDÜRÜLEN,,0,0,0,0,0,0,0,0,0,0,0,00:09,0,1,0,20:21,MENEMEN,KIRSAL BÖLGE
275,2025-01-11 00:00:00,ÇÖP,AÇIK ATEŞ,BAŞLANGIÇTA SÖNDÜRÜLEN,,0,0,0,0,0,0,0,0,0,0,0,00:12,0,0,0,20:30,BUCA,KIRSAL BÖLGE
276,2025-01-12 00:00:00,BİNA,ELEKT. KISA DEV./ELEKT. KONTAĞI,BAŞLANGIÇTA SÖNDÜRÜLEN,BETONARME,0,0,0,0,0,0,0,0,0,0,0,00:05,0,0,0,00:45,KONAK,KENT MERKEZİ
277,2025-01-12 00:00:00,ÇÖP,AÇIK ATEŞ,BAŞLANGIÇTA SÖNDÜRÜLEN,,0,0,0,0,0,0,0,0,0,0,0,00:05,0,1,0,01:06,KARŞIYAKA,KENT MERKEZİ
278,2025-01-12 00:00:00,BİNA,ELEKT. KISA DEV./ELEKT. KONTAĞI,BAŞLANGIÇTA SÖNDÜRÜLEN,BETONARME,0,0,0,0,0,0,0,0,0,0,0,00:05,0,0,0,01:35,KARŞIYAKA,KENT MERKEZİ
279,2025-01-12 00:00:00,FABRİKA/ATÖLYE/İMALATHANE,KİMYASAL MADDE REAKSİYONU,BAŞLANGIÇTA SÖNDÜRÜLEN,BETONARME,0,0,0,0,0,0,0,0,0,0,0,00:05,0,10,0,01:54,KEMALPAŞA,KIRSAL BÖLGE
280,2025-01-12 00:00:00,ÇÖP,AÇIK ATEŞ,BAŞLANGIÇTA SÖNDÜRÜLEN,,0,0,0,0,0,0,0,0,0,0,0,00:06,0,0.5,0,02:09,KONAK,KENT MERKEZİ
281,2025-01-12 00:00:00,BİNA,AÇIK ATEŞ,BAŞLANGIÇTA SÖNDÜRÜLEN,BETONARME,0,0,0,0,0,0,0,0,0,0,0,00:03,0,0.1,0,02:48,TORBALI,KENT MERKEZİ
282,2025-01-12 00:00:00,BİNA,ELEKT. KISA DEV./ELEKT. KONTAĞI,BAŞLANGIÇTA SÖNDÜRÜLEN,BETONARME,0,0,0,0,0,0,0,0,0,0,0,00:03,0,0.5,0,14:55,BERGAMA,KENT MERKEZİ
283,2025-01-12 00:00:00,BİNA,ŞÜPHELİ,BAŞLANGIÇTA SÖNDÜRÜLEN,BETONARME,0,0,0,0,0,0,0,0,0,0,0,00:04,0,0.8,0,16:05,KONAK,KENT MERKEZİ
284,2025-01-12 00:00:00,BİNA,ELEKT. KISA DEV./ELEKT. KONTAĞI,BAŞLANGIÇTA SÖNDÜRÜLEN,BETONARME,0,0,0,0,0,0,0,0,0,0,0,00:02,0,0,12,17:35,KARABAĞLAR,KENT MERKEZİ
285,2025-01-12 00:00:00,ÇÖP,SİGARA/KİBRİT,BAŞLANGIÇTA SÖNDÜRÜLEN,,0,0,0,0,0,0,0,0,0,0,0,00:03,0,0.5,0,18:18,ALİAĞA,KENT MERKEZİ
286,2025-01-12 00:00:00,ARAÇ,ŞÜPHELİ,BAŞLANGIÇTA SÖNDÜRÜLEN,,0,0,0,0,0,0,0,0,0,0,0,00:10,0,0,0,18:57,KEMALPAŞA,KIRSAL BÖLGE
287,2025-01-12 00:00:00,ÇÖP,SİGARA/KİBRİT,BAŞLANGIÇTA SÖNDÜRÜLEN,,0,0,0,0,0,0,0,0,0,0,0,00:04,0,0.5,0,20:11,BUCA,KENT MERKEZİ
288,2025-01-12 00:00:00,BİNA,KIVILCIM(DİĞER),BAŞLANGIÇTA SÖNDÜRÜLEN,BETONARME,0,0,0,0,0,0,0,0,0,0,0,00:04,0,0,0,20:33,KARABAĞLAR,KENT MERKEZİ
289,2025-01-12 00:00:00,BİNA,ELEKT. KISA DEV./ELEKT. KONTAĞI,BAŞLANGIÇTA SÖNDÜRÜLEN,BETONARME,0,0,0,0,0,0,0,0,0,0,0,00:04,0,20,0,20:51,ÖDEMİŞ,KENT MERKEZİ
290,2025-01-12 00:00:00,ÇÖP,SİGARA/KİBRİT,BAŞLANGIÇTA SÖNDÜRÜLEN,,0,0,0,0,0,0,0,0,0,0,0,00:03,0,0.2,0,21:13,ALİAĞA,KENT MERKEZİ
291,2025-01-12 00:00:00,ARAÇ,ELEKT. KISA DEV./ELEKT. KONTAĞI,KISMEN YANARAK KURTARILAN,,0,0,0,0,0,0,0,0,0,0,0,00:08,0,1,0,22:32,MENEMEN,KENT MERKEZİ
292,2025-01-12 00:00:00,ÇÖP,SİGARA/KİBRİT,BAŞLANGIÇTA SÖNDÜRÜLEN,,0,0,0,0,0,0,0,0,0,0,0,00:02,0,0.5,0,22:48,KARABAĞLAR,KENT MERKEZİ
293,2025-01-12 00:00:00,BARAKA/KULÜBE/YAŞAM KONTEYNERİ,ELEKT. KISA DEV./ELEKT. KONTAĞI,BAŞLANGIÇTA SÖNDÜRÜLEN,BETONARME,0,0,0,0,0,0,0,0,0,0,0,00:07,0,0,0,23:00,KARŞIYAKA,KENT MERKEZİ
294,2025-01-12 00:00:00,ÇÖP,SİGARA/KİBRİT,BAŞLANGIÇTA SÖNDÜRÜLEN,,0,0,0,0,0,0,0,0,0,0,0,00:03,0,0.2,0,23:28,BUCA,KENT MERKEZİ
295,2025-01-13 00:00:00,BİNA,ELEKT. KISA DEV./ELEKT. KONTAĞI,BAŞLANGIÇTA SÖNDÜRÜLEN,BETONARME,0,0,0,0,0,0,0,0,0,0,0,00:04,0,0.5,0,03:15,KONAK,KENT MERKEZİ
296,2025-01-13 00:00:00,ARAÇ,ELEKT. KISA DEV./ELEKT. KONTAĞI,KISMEN YANARAK KURTARILAN,,0,0,0,0,0,0,0,0,0,0,0,00:01,0,2,0,07:44,ÖDEMİŞ,KENT MERKEZİ
297,2025-01-13 00:00:00,İŞYERİ,ELEKT. KISA DEV./ELEKT. KONTAĞI,BAŞLANGIÇTA SÖNDÜRÜLEN,BETONARME,0,0,0,0,0,0,0,0,0,0,0,00:01,0,0,0,14:28,ÇEŞME,KENT MERKEZİ
298,2025-01-13 00:00:00,BİNA,RADYASYON (IŞINIM İLE ISI TRANSFERİ),BAŞLANGIÇTA SÖNDÜRÜLEN,BETONARME,0,0,0,0,0,0,0,0,0,0,0,00:03,0,0,0,14:41,KONAK,KENT MERKEZİ
299,2025-01-13 00:00:00,BİNA,AÇIK ATEŞ,BAŞLANGIÇTA SÖNDÜRÜLEN,BETONARME,0,0,0,0,0,0,0,0,0,0,0,00:04,0,0.5,0,15:46,ALİAĞA,KENT MERKEZİ
300,2025-01-13 00:00:00,BİNA,KIVILCIM(DİĞER),BAŞLANGIÇTA SÖNDÜRÜLEN,BETONARME,0,0,0,0,0,0,0,0,0,0,0,00:16,0,0.4,0,16:30,SEFERİHİSAR,KIRSAL BÖLGE
301,2025-01-13 00:00:00,BİNA,ELEKT. KISA DEV./ELEKT. KONTAĞI,BAŞLANGIÇTA SÖNDÜRÜLEN,BETONARME,0,0,0,0,0,0,0,0,0,0,0,00:04,0,0,0,20:35,KARABAĞLAR,KENT MERKEZİ
302,2025-01-13 00:00:00,BİNA,KONDÜKSİYON (TEMAS İLE ISI TRANSFERİ),BAŞLANGIÇTA SÖNDÜRÜLEN,BETONARME,0,0,0,0,0,0,0,0,0,0,0,00:05,6,0.5,0,20:55,MENEMEN,KENT MERKEZİ
303,2025-01-13 00:00:00,İŞYERİ,KASIT,BAŞLANGIÇTA SÖNDÜRÜLEN,BETONARME,0,0,0,0,0,0,0,0,0,0,0,00:04,0,0,0,23:51,KONAK,KENT MERKEZİ
304,2025-01-14 00:00:00,İŞYERİ,KIVILCIM(DİĞER),BAŞLANGIÇTA SÖNDÜRÜLEN,BETONARME,0,0,0,0,0,0,0,0,0,0,0,00:04,0,0.1,0,01:45,TİRE,KENT MERKEZİ
305,2025-01-14 00:00:00,İŞYERİ,ELEKT. KISA DEV./ELEKT. KONTAĞI,BAŞLANGIÇTA SÖNDÜRÜLEN,BETONARME,0,0,0,0,0,0,0,0,0,0,0,00:02,0,0,6,07:11,KİRAZ,KENT MERKEZİ
306,2025-01-14 00:00:00,İŞYERİ,ELEKT. KISA DEV./ELEKT. KONTAĞI,BAŞLANGIÇTA SÖNDÜRÜLEN,BETONARME,0,0,0,0,0,0,0,0,0,0,0,00:04,0,1,0,07:36,KARABAĞLAR,KENT MERKEZİ
307,2025-01-14 00:00:00,ARAÇ,ELEKT. KISA DEV./ELEKT. KONTAĞI,BAŞLANGIÇTA SÖNDÜRÜLEN,,0,0,0,0,0,0,0,0,0,0,0,00:05,0,1,0,14:26,KARABAĞLAR,KENT MERKEZİ
308,2025-01-14 00:00:00,ÇÖP,SİGARA/KİBRİT,BAŞLANGIÇTA SÖNDÜRÜLEN,,0,0,0,0,0,0,0,0,0,0,0,00:05,0,3,0,15:03,KARŞIYAKA,KENT MERKEZİ
309,2025-01-14 00:00:00,ÇÖP,SİGARA/KİBRİT,BAŞLANGIÇTA SÖNDÜRÜLEN,,0,0,0,0,0,0,0,0,0,0,0,00:03,0,0.2,0,15:21,KONAK,KENT MERKEZİ
310,2025-01-14 00:00:00,BİNA,SİGARA/KİBRİT,BAŞLANGIÇTA SÖNDÜRÜLEN,BETONARME,0,0,0,0,0,0,0,0,0,0,0,00:05,0,0.1,0,15:22,BAYRAKLI,KENT MERKEZİ
311,2025-01-14 00:00:00,ÇÖP,SİGARA/KİBRİT,BAŞLANGIÇTA SÖNDÜRÜLEN,,0,0,0,0,0,0,0,0,0,0,0,00:05,0,0.5,0,17:04,BORNOVA,KENT MERKEZİ
312,2025-01-14 00:00:00,ARAÇ,ELEKT. KISA DEV./ELEKT. KONTAĞI,TAMAMEN YANAN,,0,0,0,0,0,0,0,0,0,0,0,00:06,0,2.5,0,18:51,BUCA,KENT MERKEZİ
313,2025-01-14 00:00:00,BİNA,LPG/DOĞALGAZ,BAŞLANGIÇTA SÖNDÜRÜLEN,BETONARME,0,0,0,0,0,0,0,0,0,0,0,00:02,0,0.5,0,21:51,KARABAĞLAR,KENT MERKEZİ
314,2025-01-14 00:00:00,İŞYERİ,KIVILCIM(BACA),BAŞLANGIÇTA SÖNDÜRÜLEN,BETONARME,0,0,0,0,0,0,0,0,0,0,0,00:04,0,0,0,22:31,KARŞIYAKA,KENT MERKEZİ
315,2025-01-14 00:00:00,KABLO/DİREK-ELEKT/TEL VB,ELEKT. KISA DEV./ELEKT. KONTAĞI,BAŞLANGIÇTA SÖNDÜRÜLEN,,0,0,0,0,0,0,0,0,0,0,0,00:02,0,0,0,23:41,KARABAĞLAR,KENT MERKEZİ
316,2025-01-14 00:00:00,ÇÖP,AÇIK ATEŞ,BAŞLANGIÇTA SÖNDÜRÜLEN,,0,0,0,0,0,0,0,0,0,0,0,00:03,0,0.5,0,23:50,BORNOVA,KENT MERKEZİ
317,2025-01-15 00:00:00,BARAKA/KULÜBE/YAŞAM KONTEYNERİ,ELEKT. KISA DEV./ELEKT. KONTAĞI,TAMAMEN YANAN,PREFABRİK,0,0,0,0,0,0,0,0,0,0,0,00:09,0,3.5,0,00:01,BORNOVA,KIRSAL BÖLGE
318,2025-01-15 00:00:00,BARAKA/KULÜBE/YAŞAM KONTEYNERİ,ELEKT. KISA DEV./ELEKT. KONTAĞI,BAŞLANGIÇTA SÖNDÜRÜLEN,PREFABRİK,0,0,0,0,0,0,0,0,0,0,0,00:15,0,5,0,01:25,MENDERES,KIRSAL BÖLGE
319,2025-01-15 00:00:00,BİNA,KONVEKSİYON (HAVA İLE ISI TRANSFERİ),BAŞLANGIÇTA SÖNDÜRÜLEN,BETONARME,0,0,0,0,0,0,0,0,0,0,0,00:03,0,0,0,01:46,KARABAĞLAR,KENT MERKEZİ
320,2025-01-15 00:00:00,BİNA,KIVILCIM(BACA),BAŞLANGIÇTA SÖNDÜRÜLEN,BETONARME,0,0,0,0,0,0,0,0,0,0,0,00:06,0,0.1,0,02:11,BALÇOVA,KENT MERKEZİ
321,2025-01-15 00:00:00,KABLO/DİREK-ELEKT/TEL VB,ELEKT. KISA DEV./ELEKT. KONTAĞI,BAŞLANGIÇTA SÖNDÜRÜLEN,,0,0,0,0,0,0,0,0,0,0,0,00:05,0,0,0,03:12,ÇEŞME,KIRSAL BÖLGE
322,2025-01-15 00:00:00,ÇÖP,AÇIK ATEŞ,BAŞLANGIÇTA SÖNDÜRÜLEN,,0,0,0,0,0,0,0,0,0,0,0,00:03,0,0.3,0,08:20,KONAK,KENT MERKEZİ
323,2025-01-15 00:00:00,ARAÇ,ELEKT. KISA DEV./ELEKT. KONTAĞI,KISMEN YANARAK KURTARILAN,,0,0,0,0,0,0,0,0,0,0,0,00:05,0,1,0,08:31,KEMALPAŞA,KIRSAL BÖLGE
324,2025-01-15 00:00:00,BARAKA/KULÜBE/YAŞAM KONTEYNERİ,ELEKT. KISA DEV./ELEKT. KONTAĞI,KISMEN YANARAK KURTARILAN,ÇELİK,0,0,0,0,0,0,0,0,0,0,0,00:07,0,1,0,09:15,MENEMEN,KIRSAL BÖLGE
325,2025-01-15 00:00:00,ARAÇ,ELEKT. KISA DEV./ELEKT. KONTAĞI,BAŞLANGIÇTA SÖNDÜRÜLEN,,0,0,0,0,0,0,0,0,0,0,0,00:03,0,0.2,0,10:48,BUCA,KENT MERKEZİ
326,2025-01-15 00:00:00,BİNA,ELEKT. KISA DEV./ELEKT. KONTAĞI,BAŞLANGIÇTA SÖNDÜRÜLEN,BETONARME,0,0,0,0,0,0,0,0,0,0,0,00:14,0,4,0,12:23,BAYINDIR,KIRSAL BÖLGE
327,2025-01-15 00:00:00,ÇÖP,AÇIK ATEŞ,BAŞLANGIÇTA SÖNDÜRÜLEN,,0,0,0,0,0,0,0,0,0,0,0,00:05,0,0.3,0,12:34,BORNOVA,KENT MERKEZİ
328,2025-01-15 00:00:00,İŞYERİ,ELEKT. KISA DEV./ELEKT. KONTAĞI,BAŞLANGIÇTA SÖNDÜRÜLEN,BETONARME,0,0,0,0,0,0,0,0,0,0,0,00:03,0,0,0,12:57,KONAK,KENT MERKEZİ
329,2025-01-15 00:00:00,BİNA,ELEKT. KISA DEV./ELEKT. KONTAĞI,BAŞLANGIÇTA SÖNDÜRÜLEN,BETONARME,0,0,0,0,0,0,0,0,0,0,0,00:04,0,0,0,13:28,KONAK,KENT MERKEZİ
330,2025-01-15 00:00:00,ÇÖP,SİGARA/KİBRİT,BAŞLANGIÇTA SÖNDÜRÜLEN,,0,0,0,0,0,0,0,0,0,0,0,00:03,0,1,0,17:20,BORNOVA,KENT MERKEZİ
331,2025-01-15 00:00:00,ÇÖP,AÇIK ATEŞ,BAŞLANGIÇTA SÖNDÜRÜLEN,,0,0,0,0,0,0,0,0,0,0,0,00:04,0,0.5,0,18:33,TORBALI,KENT MERKEZİ
332,2025-01-15 00:00:00,ARAÇ,ELEKT. KISA DEV./ELEKT. KONTAĞI,KISMEN YANARAK KURTARILAN,,0,0,0,0,0,0,0,0,0,0,0,00:06,0,1,0,19:02,BALÇOVA,KENT MERKEZİ
333,2025-01-15 00:00:00,BİNA,KIVILCIM(BACA),BAŞLANGIÇTA SÖNDÜRÜLEN,BETONARME,0,0,0,0,0,0,0,0,0,0,0,00:03,0,0,6,19:30,BAYINDIR,KENT MERKEZİ
334,2025-01-15 00:00:00,ÇÖP,SİGARA/KİBRİT,BAŞLANGIÇTA SÖNDÜRÜLEN,,0,0,0,0,0,0,0,0,0,0,0,00:03,0,0.5,0,19:45,KONAK,KENT MERKEZİ
335,2025-01-15 00:00:00,BİNA,KIVILCIM(BACA),BAŞLANGIÇTA SÖNDÜRÜLEN,BETONARME,0,0,0,0,0,0,0,0,0,0,0,00:05,0,2,0,20:10,BAYRAKLI,KENT MERKEZİ
336,2025-01-15 00:00:00,ODUNLUK/KÖMÜRLÜK,KIVILCIM(DİĞER),BAŞLANGIÇTA SÖNDÜRÜLEN,DİĞER,0,0,0,0,0,0,0,0,0,0,0,00:03,0,0.5,0,20:38,MENDERES,KENT MERKEZİ
337,2025-01-15 00:00:00,ÇÖP,SİGARA/KİBRİT,BAŞLANGIÇTA SÖNDÜRÜLEN,,0,0,0,0,0,0,0,0,0,0,0,00:04,0,0.5,0,20:53,MENDERES,KENT MERKEZİ
338,2025-01-15 00:00:00,TRAFO,ELEKT. KISA DEV./ELEKT. KONTAĞI,KISMEN YANARAK KURTARILAN,,0,0,0,0,0,0,0,0,0,0,0,00:06,0,0,6,21:10,TORBALI,KENT MERKEZİ
339,2025-01-15 00:00:00,İŞYERİ,SİGARA/KİBRİT,BAŞLANGIÇTA SÖNDÜRÜLEN,BETONARME,0,0,0,0,0,0,0,0,0,0,0,00:04,0,1,0,21:27,BORNOVA,KENT MERKEZİ
340,2025-01-15 00:00:00,ÇÖP,SİGARA/KİBRİT,BAŞLANGIÇTA SÖNDÜRÜLEN,,0,0,0,0,0,0,0,0,0,0,0,00:03,0,0.5,0,21:36,BUCA,KENT MERKEZİ
341,2025-01-15 00:00:00,ARAÇ,ELEKT. KISA DEV./ELEKT. KONTAĞI,BAŞLANGIÇTA SÖNDÜRÜLEN,,0,0,0,0,0,0,0,0,0,0,0,00:02,0,2,0,22:17,TORBALI,KENT MERKEZİ
342,2025-01-16 00:00:00,DİĞER,ELEKT. KISA DEV./ELEKT. KONTAĞI,TAMAMEN YANAN,,0,0,0,0,0,0,0,0,0,0,0,00:15,0,0.5,18,00:04,KEMALPAŞA,KIRSAL BÖLGE
343,2025-01-16 00:00:00,ÇÖP,SİGARA/KİBRİT,BAŞLANGIÇTA SÖNDÜRÜLEN,,0,0,0,0,0,0,0,0,0,0,0,00:02,0,0.5,0,00:15,ALİAĞA,KENT MERKEZİ
344,2025-01-16 00:00:00,ÇÖP,SİGARA/KİBRİT,BAŞLANGIÇTA SÖNDÜRÜLEN,,0,0,0,0,0,0,0,0,0,0,0,00:04,0,0.5,0,01:14,KARABAĞLAR,KENT MERKEZİ
345,2025-01-16 00:00:00,ÇÖP,SİGARA/KİBRİT,BAŞLANGIÇTA SÖNDÜRÜLEN,,0,0,0,0,0,0,0,0,0,0,0,00:03,0,0.2,0,03:22,BORNOVA,KENT MERKEZİ
346,2025-01-16 00:00:00,BARAKA/KULÜBE/YAŞAM KONTEYNERİ,ELEKT. KISA DEV./ELEKT. KONTAĞI,KISMEN YANARAK KURTARILAN,PREFABRİK,0,0,0,0,0,0,0,0,0,0,0,00:03,0,1,0,06:59,MENDERES,KENT MERKEZİ
347,2025-01-16 00:00:00,ÇÖP,SİGARA/KİBRİT,BAŞLANGIÇTA SÖNDÜRÜLEN,,0,0,0,0,0,0,0,0,0,0,0,00:05,0,0.1,0,09:23,TORBALI,KENT MERKEZİ
348,2025-01-16 00:00:00,TRAFO,ELEKT. KISA DEV./ELEKT. KONTAĞI,BAŞLANGIÇTA SÖNDÜRÜLEN,,0,0,0,0,0,0,0,0,0,0,0,00:05,0,0,6,10:35,BUCA,KENT MERKEZİ
349,2025-01-16 00:00:00,HURDALIK,KIVILCIM(DİĞER),BAŞLANGIÇTA SÖNDÜRÜLEN,DİĞER,0,0,0,0,0,0,0,0,0,0,0,00:05,0,2,0,11:22,BORNOVA,KENT MERKEZİ
350,2025-01-16 00:00:00,İŞYERİ,ÇOCUKLARIN ATEŞLE OYNAMASI,BAŞLANGIÇTA SÖNDÜRÜLEN,BETONARME,0,0,0,0,0,0,0,0,0,0,0,00:14,0,1,0,12:31,ALİAĞA,KIRSAL BÖLGE
351,2025-01-16 00:00:00,BİNA,KIVILCIM(BACA),BAŞLANGIÇTA SÖNDÜRÜLEN,BETONARME,0,0,0,0,0,0,0,0,0,0,0,00:03,0,0.1,0,16:38,SEFERİHİSAR,KENT MERKEZİ
352,2025-01-16 00:00:00,KABLO/DİREK-ELEKT/TEL VB,ELEKT. KISA DEV./ELEKT. KONTAĞI,BAŞLANGIÇTA SÖNDÜRÜLEN,,0,0,0,0,0,0,0,0,0,0,0,00:17,0,0.2,0,19:03,DİKİLİ,KIRSAL BÖLGE
353,2025-01-16 00:00:00,DİĞER,ŞÜPHELİ,KISMEN YANARAK KURTARILAN,,0,0,0,0,0,0,0,0,0,0,0,00:05,25,4,0,19:45,KINIK,KENT MERKEZİ
354,2025-01-16 00:00:00,ÇÖP,SİGARA/KİBRİT,BAŞLANGIÇTA SÖNDÜRÜLEN,,0,0,0,0,0,0,0,0,0,0,0,00:12,0,0.1,0,20:00,BUCA,KIRSAL BÖLGE
355,2025-01-16 00:00:00,BİNA,KIVILCIM(BACA),BAŞLANGIÇTA SÖNDÜRÜLEN,BETONARME,0,0,0,0,0,0,0,0,0,0,0,00:04,0,0.1,0,20:34,ÖDEMİŞ,KENT MERKEZİ
356,2025-01-16 00:00:00,BİNA,ELEKT. KISA DEV./ELEKT. KONTAĞI,BAŞLANGIÇTA SÖNDÜRÜLEN,BETONARME,0,0,0,0,0,0,0,0,0,0,0,00:05,0,0,0,20:44,KONAK,KENT MERKEZİ
357,2025-01-16 00:00:00,TRAFO,ELEKT. KISA DEV./ELEKT. KONTAĞI,TAMAMEN YANAN,,0,0,0,0,0,0,0,0,0,0,0,00:08,0,0.5,6,21:10,MENDERES,KIRSAL BÖLGE
358,2025-01-16 00:00:00,ÇÖP,SİGARA/KİBRİT,BAŞLANGIÇTA SÖNDÜRÜLEN,,0,0,0,0,0,0,0,0,0,0,0,00:04,0,3,0,22:11,BUCA,KENT MERKEZİ
359,2025-01-16 00:00:00,MOTOSİKLET,ŞÜPHELİ,TAMAMEN YANAN,,0,0,0,0,0,0,0,0,0,0,0,00:05,0,0.2,0,23:03,TİRE,KENT MERKEZİ
360,2025-01-16 00:00:00,ÇÖP,SİGARA/KİBRİT,BAŞLANGIÇTA SÖNDÜRÜLEN,,0,0,0,0,0,0,0,0,0,0,0,00:01,0,0.5,0,23:24,BUCA,KENT MERKEZİ
361,2025-01-17 00:00:00,ÇÖP,SİGARA/KİBRİT,BAŞLANGIÇTA SÖNDÜRÜLEN,,0,0,0,0,0,0,0,0,0,0,0,00:06,0,0.5,0,00:02,KARŞIYAKA,KENT MERKEZİ
362,2025-01-17 00:00:00,BİNA,KIVILCIM(BACA),BAŞLANGIÇTA SÖNDÜRÜLEN,BETONARME,0,0,0,0,0,0,0,0,0,0,0,00:02,0,0,6,01:21,KİRAZ,KENT MERKEZİ
363,2025-01-17 00:00:00,BİNA,AÇIK ATEŞ,BAŞLANGIÇTA SÖNDÜRÜLEN,BETONARME,0,0,0,0,0,0,0,0,0,0,0,00:03,50,3,0,02:36,KONAK,KENT MERKEZİ
364,2025-01-17 00:00:00,ÇÖP,SİGARA/KİBRİT,BAŞLANGIÇTA SÖNDÜRÜLEN,,0,0,0,0,0,0,0,0,0,0,0,00:03,0,1,0,04:17,KONAK,KENT MERKEZİ
365,2025-01-17 00:00:00,ARAÇ,ELEKT. KISA DEV./ELEKT. KONTAĞI,KISMEN YANARAK KURTARILAN,,0,0,0,0,0,0,0,0,0,0,0,00:03,0,0,0,08:27,ALİAĞA,KENT MERKEZİ
366,2025-01-17 00:00:00,ÇÖP,SİGARA/KİBRİT,BAŞLANGIÇTA SÖNDÜRÜLEN,,0,0,0,0,0,0,0,0,0,0,0,00:05,0,2.5,0,08:49,BUCA,KENT MERKEZİ
367,2025-01-17 00:00:00,BİNA,ELEKT. KISA DEV./ELEKT. KONTAĞI,BAŞLANGIÇTA SÖNDÜRÜLEN,BETONARME,0,0,0,0,0,0,0,0,0,0,0,00:05,0,4,0,08:50,MENEMEN,KENT MERKEZİ
368,2025-01-17 00:00:00,İŞYERİ,KIVILCIM(BACA),BAŞLANGIÇTA SÖNDÜRÜLEN,BETONARME,0,0,0,0,0,0,0,0,0,0,0,00:05,0,2,0,11:33,KARŞIYAKA,KENT MERKEZİ
369,2025-01-17 00:00:00,ARAÇ,ELEKT. KISA DEV./ELEKT. KONTAĞI,TAMAMEN YANAN,,0,0,0,0,0,0,0,0,0,0,0,00:10,50,8,0,12:11,TORBALI,KIRSAL BÖLGE
370,2025-01-17 00:00:00,TRAFO,ELEKT. KISA DEV./ELEKT. KONTAĞI,BAŞLANGIÇTA SÖNDÜRÜLEN,,0,0,0,0,0,0,0,0,0,0,0,00:04,0,0,0.01,13:21,BALÇOVA,KENT MERKEZİ
371,2025-01-17 00:00:00,BİNA,ELEKT. KISA DEV./ELEKT. KONTAĞI,BAŞLANGIÇTA SÖNDÜRÜLEN,BETONARME,0,0,0,0,0,0,0,0,0,0,0,00:07,0,0,0,14:31,ÇEŞME,KENT MERKEZİ
372,2025-01-17 00:00:00,ÇÖP,AÇIK ATEŞ,BAŞLANGIÇTA SÖNDÜRÜLEN,,0,0,0,0,0,0,0,0,0,0,0,00:04,0,1.5,0,14:32,BERGAMA,KENT MERKEZİ
373,2025-01-17 00:00:00,ÇÖP,AÇIK ATEŞ,BAŞLANGIÇTA SÖNDÜRÜLEN,,0,0,0,0,0,0,0,0,0,0,0,00:05,0,0.5,0,14:53,BORNOVA,KENT MERKEZİ
374,2025-01-17 00:00:00,ÇÖP,AÇIK ATEŞ,BAŞLANGIÇTA SÖNDÜRÜLEN,,0,0,0,0,0,0,0,0,0,0,0,00:05,0,2,0,15:11,KARŞIYAKA,KENT MERKEZİ
375,2025-01-17 00:00:00,ÇÖP,AÇIK ATEŞ,BAŞLANGIÇTA SÖNDÜRÜLEN,,0,0,0,0,0,0,0,0,0,0,0,00:13,0,10,0,16:31,ÇİĞLİ,KIRSAL BÖLGE
376,2025-01-17 00:00:00,BİNA,ELEKT. KISA DEV./ELEKT. KONTAĞI,BAŞLANGIÇTA SÖNDÜRÜLEN,BETONARME,0,0,0,0,0,0,0,0,0,0,0,00:04,0,0,0,17:49,BUCA,KENT MERKEZİ
377,2025-01-17 00:00:00,BİNA,AÇIK ATEŞ,BAŞLANGIÇTA SÖNDÜRÜLEN,BETONARME,0,0,0,0,0,0,0,0,0,0,0,00:04,0,0,0,17:54,MENDERES,KENT MERKEZİ
378,2025-01-17 00:00:00,ÇÖP,SİGARA/KİBRİT,BAŞLANGIÇTA SÖNDÜRÜLEN,,0,0,0,0,0,0,0,0,0,0,0,00:05,0,1,0,18:33,KARŞIYAKA,KENT MERKEZİ
379,2025-01-17 00:00:00,BİNA,AÇIK ATEŞ,BAŞLANGIÇTA SÖNDÜRÜLEN,BETONARME,0,0,0,0,0,0,0,0,0,0,0,00:03,0,2,0,19:52,KARABAĞLAR,KENT MERKEZİ
380,2025-01-17 00:00:00,ÇÖP,SİGARA/KİBRİT,BAŞLANGIÇTA SÖNDÜRÜLEN,,0,0,0,0,0,0,0,0,0,0,0,00:04,0,1,0,20:53,TİRE,KENT MERKEZİ
381,2025-01-17 00:00:00,ÇÖP,SİGARA/KİBRİT,BAŞLANGIÇTA SÖNDÜRÜLEN,,0,0,0,0,0,0,0,0,0,0,0,00:04,0,0.5,0,21:16,URLA,KENT MERKEZİ
382,2025-01-17 00:00:00,ÇÖP,SİGARA/KİBRİT,BAŞLANGIÇTA SÖNDÜRÜLEN,,0,0,0,0,0,0,0,0,0,0,0,00:04,0,0.1,0,22:09,KONAK,KENT MERKEZİ
383,2025-01-17 00:00:00,BİNA,ELEKT. KISA DEV./ELEKT. KONTAĞI,BAŞLANGIÇTA SÖNDÜRÜLEN,BETONARME,0,0,0,0,0,0,0,0,0,0,0,00:02,0,0,0,23:03,KARABAĞLAR,KENT MERKEZİ
384,2025-01-17 00:00:00,TRAFO,ELEKT. KISA DEV./ELEKT. KONTAĞI,BAŞLANGIÇTA SÖNDÜRÜLEN,,0,0,0,0,0,0,0,0,0,0,0,00:02,0,0,6,23:04,TİRE,KENT MERKEZİ
385,2025-01-18 00:00:00,HURDA-AÇIK ALANDA,AÇIK ATEŞ,BAŞLANGIÇTA SÖNDÜRÜLEN,,0,0,0,0,0,0,0,0,0,0,0,00:05,0,2,0,00:45,KINIK,KENT MERKEZİ
386,2025-01-18 00:00:00,ÇÖP,SİGARA/KİBRİT,BAŞLANGIÇTA SÖNDÜRÜLEN,,0,0,0,0,0,0,0,0,0,0,0,00:02,0,0.2,0,02:35,KONAK,KENT MERKEZİ
387,2025-01-18 00:00:00,ÇÖP,AÇIK ATEŞ,BAŞLANGIÇTA SÖNDÜRÜLEN,,0,0,0,0,0,0,0,0,0,0,0,00:05,0,1,0,07:49,MENEMEN,KENT MERKEZİ
388,2025-01-18 00:00:00,İŞYERİ,KIVILCIM(BACA),BAŞLANGIÇTA SÖNDÜRÜLEN,BETONARME,0,0,0,0,0,0,0,0,0,0,0,00:04,0,1,0,10:31,KARŞIYAKA,KENT MERKEZİ
389,2025-01-18 00:00:00,BARAKA/KULÜBE/YAŞAM KONTEYNERİ,AÇIK ATEŞ,BAŞLANGIÇTA SÖNDÜRÜLEN,BETONARME,0,0,0,0,0,0,0,0,0,0,0,00:05,0,2,0,10:33,BAYINDIR,KENT MERKEZİ
390,2025-01-18 00:00:00,BİNA,ELEKT. KISA DEV./ELEKT. KONTAĞI,BAŞLANGIÇTA SÖNDÜRÜLEN,BETONARME,0,0,0,0,0,0,0,0,0,0,0,00:04,0,0.5,0,10:37,TORBALI,KENT MERKEZİ
391,2025-01-18 00:00:00,ARAÇ,ISINMA/SÜRTÜNME,BAŞLANGIÇTA SÖNDÜRÜLEN,,0,0,0,0,0,0,0,0,0,0,0,00:03,0,0,0,10:42,KONAK,KENT MERKEZİ
392,2025-01-18 00:00:00,BİNA,KIVILCIM(BACA),BAŞLANGIÇTA SÖNDÜRÜLEN,BETONARME,0,0,0,0,0,0,0,0,0,0,0,00:05,0,0.3,0,10:51,TORBALI,KENT MERKEZİ
393,2025-01-18 00:00:00,ARAÇ,ŞÜPHELİ,TAMAMEN YANAN,,0,0,0,0,0,0,0,0,0,0,0,00:05,0,3.5,0,11:48,MENEMEN,KENT MERKEZİ
394,2025-01-18 00:00:00,ÇÖP,SİGARA/KİBRİT,BAŞLANGIÇTA SÖNDÜRÜLEN,,0,0,0,0,0,0,0,0,0,0,0,00:04,0,10,0,14:10,BUCA,KENT MERKEZİ
395,2025-01-18 00:00:00,BİNA,ELEKT. KISA DEV./ELEKT. KONTAĞI,BAŞLANGIÇTA SÖNDÜRÜLEN,BETONARME,0,0,0,0,0,0,0,0,0,0,0,00:04,0,0.4,6,15:24,BUCA,KENT MERKEZİ
396,2025-01-18 00:00:00,ÇÖP,SİGARA/KİBRİT,BAŞLANGIÇTA SÖNDÜRÜLEN,,0,0,0,0,0,0,0,0,0,0,0,00:04,0,1,0,16:00,BUCA,KENT MERKEZİ
397,2025-01-18 00:00:00,ÇÖP,SİGARA/KİBRİT,BAŞLANGIÇTA SÖNDÜRÜLEN,,0,0,0,0,0,0,0,0,0,0,0,00:04,0,0.5,0,16:17,KONAK,KENT MERKEZİ
398,2025-01-18 00:00:00,ÇÖP,SİGARA/KİBRİT,BAŞLANGIÇTA SÖNDÜRÜLEN,,0,0,0,0,0,0,0,0,0,0,0,00:05,0,1,0,16:36,BORNOVA,KENT MERKEZİ
399,2025-01-18 00:00:00,BİNA,SİGARA/KİBRİT,BAŞLANGIÇTA SÖNDÜRÜLEN,BETONARME,0,0,0,0,0,0,0,0,0,0,0,00:06,0,0.3,0,17:18,KONAK,KENT MERKEZİ
400,2025-01-18 00:00:00,OT,AÇIK ATEŞ,BAŞLANGIÇTA SÖNDÜRÜLEN,,0,0,0,0,0,0,0,0,0,0,0,00:06,0,0.1,0,18:13,SEFERİHİSAR,KIRSAL BÖLGE
401,2025-01-18 00:00:00,İNŞAAT ALANI,SİGARA/KİBRİT,BAŞLANGIÇTA SÖNDÜRÜLEN,,0,0,0,0,0,0,0,0,0,0,0,00:03,0,0.5,0,18:34,KONAK,KENT MERKEZİ
402,2025-01-18 00:00:00,ÇÖP,SİGARA/KİBRİT,BAŞLANGIÇTA SÖNDÜRÜLEN,,0,0,0,0,0,0,0,0,0,0,0,00:01,0,0.3,0,19:11,TORBALI,KENT MERKEZİ
403,2025-01-18 00:00:00,ÇÖP,SİGARA/KİBRİT,BAŞLANGIÇTA SÖNDÜRÜLEN,,0,0,0,0,0,0,0,0,0,0,0,00:04,0,1,0,19:15,BUCA,KENT MERKEZİ
404,2025-01-18 00:00:00,BARAKA/KULÜBE/YAŞAM KONTEYNERİ,ELEKT. KISA DEV./ELEKT. KONTAĞI,KISMEN YANARAK KURTARILAN,ÇELİK,0,0,0,0,0,0,0,0,0,0,0,00:03,400,15,0,19:43,BORNOVA,KENT MERKEZİ
405,2025-01-18 00:00:00,ÇÖP,AÇIK ATEŞ,BAŞLANGIÇTA SÖNDÜRÜLEN,,0,0,0,0,0,0,0,0,0,0,0,00:03,0,1,0,19:45,BORNOVA,KENT MERKEZİ
406,2025-01-18 00:00:00,ÇÖP,SİGARA/KİBRİT,BAŞLANGIÇTA SÖNDÜRÜLEN,,0,0,0,0,0,0,0,0,0,0,0,00:01,0,0.2,0,19:54,MENDERES,KENT MERKEZİ
407,2025-01-18 00:00:00,ÇÖP,SİGARA/KİBRİT,BAŞLANGIÇTA SÖNDÜRÜLEN,,0,0,0,0,0,0,0,0,0,0,0,00:05,0,1,0,20:45,BAYRAKLI,KENT MERKEZİ
408,2025-01-18 00:00:00,BİNA,ELEKT. KISA DEV./ELEKT. KONTAĞI,BAŞLANGIÇTA SÖNDÜRÜLEN,BETONARME,0,0,0,0,0,0,0,0,0,2,0,00:04,0,3,0,21:02,KARŞIYAKA,KENT MERKEZİ
409,2025-01-18 00:00:00,ARAÇ,ISINMA/SÜRTÜNME,BAŞLANGIÇTA SÖNDÜRÜLEN,,0,0,0,0,0,0,0,0,0,0,0,00:04,0,0,0,21:06,KARŞIYAKA,KENT MERKEZİ
410,2025-01-18 00:00:00,ÇÖP,SİGARA/KİBRİT,BAŞLANGIÇTA SÖNDÜRÜLEN,,0,0,0,0,0,0,0,0,0,0,0,00:02,0,0.3,0,21:26,KARABAĞLAR,KENT MERKEZİ
411,2025-01-18 00:00:00,BİNA,ELEKT. KISA DEV./ELEKT. KONTAĞI,BAŞLANGIÇTA SÖNDÜRÜLEN,BETONARME,0,0,0,0,0,0,0,0,0,0,0,00:03,0,1,0,22:06,BUCA,KENT MERKEZİ
412,2025-01-18 00:00:00,BİNA,SİGARA/KİBRİT,BAŞLANGIÇTA SÖNDÜRÜLEN,BETONARME,0,0,0,0,0,0,0,0,0,0,0,00:03,90,4,0,23:34,KONAK,KENT MERKEZİ
413,2025-01-19 00:00:00,ÇÖP,SİGARA/KİBRİT,BAŞLANGIÇTA SÖNDÜRÜLEN,,0,0,0,0,0,0,0,0,0,0,0,00:03,0,1,0,00:01,BUCA,KENT MERKEZİ
414,2025-01-19 00:00:00,BİNA,SİGARA/KİBRİT,BAŞLANGIÇTA SÖNDÜRÜLEN,BETONARME,0,0,0,0,0,0,0,0,0,0,0,00:06,0,2,0,00:18,BUCA,KIRSAL BÖLGE
415,2025-01-19 00:00:00,BİNA,KIVILCIM(BACA),BAŞLANGIÇTA SÖNDÜRÜLEN,BETONARME,0,0,0,0,0,0,0,0,0,0,0,00:04,0,1,1,00:33,ÇEŞME,KENT MERKEZİ
416,2025-01-19 00:00:00,HURDALIK,SİGARA/KİBRİT,BAŞLANGIÇTA SÖNDÜRÜLEN,DİĞER,0,0,0,0,0,0,0,0,0,0,0,00:03,0,3,0,02:26,BORNOVA,KENT MERKEZİ
417,2025-01-19 00:00:00,ÇÖP,SİGARA/KİBRİT,BAŞLANGIÇTA SÖNDÜRÜLEN,,0,0,0,0,0,0,0,0,0,0,0,00:05,0,0.5,0,02:41,KARŞIYAKA,KENT MERKEZİ
418,2025-01-19 00:00:00,FABRİKA/ATÖLYE/İMALATHANE,ELEKT. KISA DEV./ELEKT. KONTAĞI,KISMEN YANARAK KURTARILAN,BETONARME,0,0,0,0,0,0,0,0,0,0,0,00:06,300,60,0,02:54,KEMALPAŞA,KIRSAL BÖLGE
419,2025-01-19 00:00:00,ÇÖP,AÇIK ATEŞ,BAŞLANGIÇTA SÖNDÜRÜLEN,,0,0,0,0,0,0,0,0,0,0,0,00:04,0,0.4,0,05:17,BAYRAKLI,KENT MERKEZİ
420,2025-01-19 00:00:00,ÇÖP,SİGARA/KİBRİT,BAŞLANGIÇTA SÖNDÜRÜLEN,,0,0,0,0,0,0,0,0,0,0,0,00:03,0,0.5,0,06:30,KARABAĞLAR,KENT MERKEZİ
421,2025-01-19 00:00:00,ÇÖP,AÇIK ATEŞ,BAŞLANGIÇTA SÖNDÜRÜLEN,,0,0,0,0,0,0,0,0,0,0,0,00:03,0,0.1,0,07:30,BUCA,KENT MERKEZİ
422,2025-01-19 00:00:00,TRAFO,ELEKT. KISA DEV./ELEKT. KONTAĞI,BAŞLANGIÇTA SÖNDÜRÜLEN,,0,0,0,0,0,0,0,0,0,0,0,00:05,0,0,0,12:39,KONAK,KENT MERKEZİ
423,2025-01-19 00:00:00,ÇÖP,AÇIK ATEŞ,BAŞLANGIÇTA SÖNDÜRÜLEN,,0,0,0,0,0,0,0,0,0,0,0,00:05,0,1,0,12:52,MENEMEN,KENT MERKEZİ
424,2025-01-19 00:00:00,BİNA,ELEKT. KISA DEV./ELEKT. KONTAĞI,KISMEN YANARAK KURTARILAN,BETONARME,0,0,0,0,0,0,0,0,0,0,0,00:11,0,25,0,14:04,TORBALI,KIRSAL BÖLGE
425,2025-01-19 00:00:00,BİNA,ELEKT. KISA DEV./ELEKT. KONTAĞI,BAŞLANGIÇTA SÖNDÜRÜLEN,DİĞER,0,0,0,0,0,0,0,0,0,0,0,00:03,0,0,6,14:45,KONAK,KENT MERKEZİ
426,2025-01-19 00:00:00,ÇÖP,SİGARA/KİBRİT,BAŞLANGIÇTA SÖNDÜRÜLEN,,0,0,0,0,0,0,0,0,0,0,0,00:02,0,1,0,14:51,FOÇA,KIRSAL BÖLGE
427,2025-01-19 00:00:00,BARAKA/KULÜBE/YAŞAM KONTEYNERİ,ELEKT. KISA DEV./ELEKT. KONTAĞI,TAMAMEN YANAN,ÇELİK,0,0,0,0,0,0,0,0,0,0,0,00:07,0,2,0,15:01,ÇEŞME,KIRSAL BÖLGE
428,2025-01-19 00:00:00,OT,SİGARA/KİBRİT,BAŞLANGIÇTA SÖNDÜRÜLEN,,0,0,0,0,0,0,0,0,0,0,0,00:09,0,2,0,15:41,MENEMEN,KIRSAL BÖLGE
429,2025-01-19 00:00:00,ÇÖP,SİGARA/KİBRİT,BAŞLANGIÇTA SÖNDÜRÜLEN,,0,0,0,0,0,0,0,0,0,0,0,00:04,0,0.15,0,16:22,KONAK,KENT MERKEZİ
430,2025-01-19 00:00:00,BİNA,AÇIK ATEŞ,BAŞLANGIÇTA SÖNDÜRÜLEN,BETONARME,0,0,0,0,0,0,0,0,0,0,0,00:03,0,0.4,0,17:57,KONAK,KENT MERKEZİ
431,2025-01-19 00:00:00,ÇÖP,SİGARA/KİBRİT,BAŞLANGIÇTA SÖNDÜRÜLEN,,0,0,0,0,0,0,0,0,0,0,0,00:03,0,0.5,0,18:43,BUCA,KENT MERKEZİ
432,2025-01-19 00:00:00,BİNA,OCAK/SOBA/KALORİFER KAZANI,BAŞLANGIÇTA SÖNDÜRÜLEN,BETONARME,0,0,0,0,0,0,0,0,0,0,0,00:05,0,0.5,0,19:45,ÇEŞME,KENT MERKEZİ
433,2025-01-19 00:00:00,BİNA,ELEKT. KISA DEV./ELEKT. KONTAĞI,BAŞLANGIÇTA SÖNDÜRÜLEN,DİĞER,0,0,0,0,0,0,0,0,0,0,0,00:03,0,0,6,19:59,KONAK,KENT MERKEZİ
434,2025-01-19 00:00:00,ÇÖP,SİGARA/KİBRİT,BAŞLANGIÇTA SÖNDÜRÜLEN,,0,0,0,0,0,0,0,0,0,0,0,00:05,0,1.5,0,22:23,BORNOVA,KENT MERKEZİ
435,2025-01-19 00:00:00,ÇÖP,SİGARA/KİBRİT,BAŞLANGIÇTA SÖNDÜRÜLEN,,0,0,0,0,0,0,0,0,0,0,0,00:05,0,1.5,0,22:31,BORNOVA,KENT MERKEZİ
436,2025-01-19 00:00:00,MOTOSİKLET,ELEKT. KISA DEV./ELEKT. KONTAĞI,TAMAMEN YANAN,,0,0,0,0,0,0,0,0,0,0,0,00:04,0,0.2,0,22:32,BAYRAKLI,KENT MERKEZİ
437,2025-01-19 00:00:00,ÇÖP,SİGARA/KİBRİT,BAŞLANGIÇTA SÖNDÜRÜLEN,,0,0,0,0,0,0,0,0,0,0,0,00:03,0,1.5,0,22:39,KONAK,KENT MERKEZİ
438,2025-01-19 00:00:00,BİNA,ELEKT. KISA DEV./ELEKT. KONTAĞI,BAŞLANGIÇTA SÖNDÜRÜLEN,BETONARME,0,0,0,0,0,0,0,0,0,0,0,00:06,0,0.2,0,22:57,ÇEŞME,KENT MERKEZİ
439,2025-01-19 00:00:00,BİNA,KIVILCIM(BACA),BAŞLANGIÇTA SÖNDÜRÜLEN,BETONARME,0,0,0,0,0,0,0,0,0,0,0,00:05,0,0,0,23:41,BORNOVA,KIRSAL BÖLGE
440,2025-01-19 00:00:00,BİNA,KIVILCIM(BACA),BAŞLANGIÇTA SÖNDÜRÜLEN,BETONARME,0,0,0,0,0,0,0,0,17,0,0,00:06,0,1,0,23:43,KARABAĞLAR,KENT MERKEZİ
441,2025-01-20 00:00:00,ARAÇ,ISINMA/SÜRTÜNME,BAŞLANGIÇTA SÖNDÜRÜLEN,,0,0,0,0,0,0,0,0,0,0,0,00:05,0,10,0,03:01,KARŞIYAKA,KENT MERKEZİ
442,2025-01-20 00:00:00,BARAKA/KULÜBE/YAŞAM KONTEYNERİ,OCAK/SOBA/KALORİFER KAZANI,TAMAMEN YANAN,AHŞAP,0,0,0,0,0,0,0,0,0,0,0,00:07,0,15,0,04:47,URLA,KIRSAL BÖLGE
443,2025-01-20 00:00:00,BİNA,KIVILCIM(BACA),BAŞLANGIÇTA SÖNDÜRÜLEN,BETONARME,0,0,0,0,0,0,0,0,0,0,0,00:04,0,0,0,08:41,KEMALPAŞA,KIRSAL BÖLGE
444,2025-01-20 00:00:00,İŞYERİ,KIVILCIM(BACA),BAŞLANGIÇTA SÖNDÜRÜLEN,BETONARME,0,0,0,0,0,0,0,0,0,0,0,00:03,0,0.1,0,10:36,KARABAĞLAR,KENT MERKEZİ
445,2025-01-20 00:00:00,ÇÖP,SİGARA/KİBRİT,BAŞLANGIÇTA SÖNDÜRÜLEN,,0,0,0,0,0,0,0,0,0,0,0,00:06,0,1,0,10:41,BAYRAKLI,KENT MERKEZİ
446,2025-01-20 00:00:00,ARAÇ,ELEKT. KISA DEV./ELEKT. KONTAĞI,BAŞLANGIÇTA SÖNDÜRÜLEN,,0,0,0,0,0,0,0,0,0,0,0,00:04,0,0,0,11:03,TORBALI,KENT MERKEZİ
447,2025-01-20 00:00:00,ARAÇ,ELEKT. KISA DEV./ELEKT. KONTAĞI,BAŞLANGIÇTA SÖNDÜRÜLEN,,0,0,0,0,0,0,0,0,0,0,0,00:06,0,0.1,0,13:53,KARABAĞLAR,KENT MERKEZİ
448,2025-01-20 00:00:00,ÇÖP,AÇIK ATEŞ,BAŞLANGIÇTA SÖNDÜRÜLEN,,0,0,0,0,0,0,0,0,0,0,0,00:02,0,1,0,13:58,BAYRAKLI,KENT MERKEZİ
449,2025-01-20 00:00:00,BARAKA/KULÜBE/YAŞAM KONTEYNERİ,KIVILCIM(DİĞER),BAŞLANGIÇTA SÖNDÜRÜLEN,PREFABRİK,0,0,0,0,0,0,0,0,0,0,0,00:08,0,0,0,14:02,DİKİLİ,KIRSAL BÖLGE
450,2025-01-20 00:00:00,İŞYERİ,PARLAMA (YAĞ/KİMYASAL MAD.),BAŞLANGIÇTA SÖNDÜRÜLEN,BETONARME,0,0,0,0,0,0,0,0,0,0,0,00:04,0,0,6,15:26,GAZİEMİR,KENT MERKEZİ
451,2025-01-20 00:00:00,LASTİK,AÇIK ATEŞ,BAŞLANGIÇTA SÖNDÜRÜLEN,,0,0,0,0,0,0,0,0,0,0,0,00:07,0,1,0,16:53,MENDERES,KIRSAL BÖLGE
452,2025-01-20 00:00:00,ÇÖP,AÇIK ATEŞ,BAŞLANGIÇTA SÖNDÜRÜLEN,,0,0,0,0,0,0,0,0,0,0,0,00:04,0,2,0,17:28,MENEMEN,KIRSAL BÖLGE
453,2025-01-20 00:00:00,TRAFO,ELEKT. KISA DEV./ELEKT. KONTAĞI,TAMAMEN YANAN,,0,0,0,0,0,0,0,0,0,0,0,00:05,0,0,24,17:51,KARŞIYAKA,KENT MERKEZİ
454,2025-01-20 00:00:00,ÇÖP,SİGARA/KİBRİT,BAŞLANGIÇTA SÖNDÜRÜLEN,,0,0,0,0,0,0,0,0,0,0,0,00:08,0,0.5,0,19:19,BORNOVA,KENT MERKEZİ
455,2025-01-20 00:00:00,İŞYERİ,KIVILCIM(BACA),BAŞLANGIÇTA SÖNDÜRÜLEN,BETONARME,0,0,0,0,0,0,0,0,0,0,0,00:15,0,0,0,19:58,KEMALPAŞA,KIRSAL BÖLGE
456,2025-01-20 00:00:00,KABLO/DİREK-ELEKT/TEL VB,ELEKT. KISA DEV./ELEKT. KONTAĞI,BAŞLANGIÇTA SÖNDÜRÜLEN,,0,0,0,0,0,0,0,0,0,0,0,00:05,0,0,0,20:09,KONAK,KENT MERKEZİ
457,2025-01-20 00:00:00,KABLO/DİREK-ELEKT/TEL VB,ELEKT. KISA DEV./ELEKT. KONTAĞI,BAŞLANGIÇTA SÖNDÜRÜLEN,,0,0,0,0,0,0,0,0,0,0,0,00:03,0,0,0,20:30,KONAK,KENT MERKEZİ
458,2025-01-20 00:00:00,İŞYERİ,SİGARA/KİBRİT,BAŞLANGIÇTA SÖNDÜRÜLEN,BETONARME,0,0,0,0,0,0,0,0,0,0,0,00:04,0,0.3,0,20:41,BUCA,KENT MERKEZİ
459,2025-01-20 00:00:00,ÇÖP,AÇIK ATEŞ,BAŞLANGIÇTA SÖNDÜRÜLEN,,0,0,0,0,0,0,0,0,0,0,0,00:05,0,2,0,20:56,KARŞIYAKA,KENT MERKEZİ
460,2025-01-20 00:00:00,BİNA,KIVILCIM(DİĞER),BAŞLANGIÇTA SÖNDÜRÜLEN,BETONARME,0,0,0,0,0,0,0,0,0,0,0,00:04,0,0.5,0,21:09,KARABAĞLAR,KENT MERKEZİ
461,2025-01-20 00:00:00,BİNA,ELEKT. KISA DEV./ELEKT. KONTAĞI,BAŞLANGIÇTA SÖNDÜRÜLEN,BETONARME,0,0,0,0,0,0,0,0,0,0,0,00:04,0,1,0,21:13,KARABAĞLAR,KENT MERKEZİ
462,2025-01-20 00:00:00,BİNA,KIVILCIM(BACA),BAŞLANGIÇTA SÖNDÜRÜLEN,BETONARME,0,0,0,0,0,0,0,0,0,0,0,00:04,0,0,2,21:42,ÖDEMİŞ,KENT MERKEZİ
463,2025-01-20 00:00:00,ÇÖP,AÇIK ATEŞ,BAŞLANGIÇTA SÖNDÜRÜLEN,,0,0,0,0,0,0,0,0,0,0,0,00:05,0,0.2,0,21:50,BAYRAKLI,KENT MERKEZİ
464,2025-01-20 00:00:00,ÇÖP,SİGARA/KİBRİT,BAŞLANGIÇTA SÖNDÜRÜLEN,,0,0,0,0,0,0,0,0,0,0,0,00:03,0,0.1,0,22:15,KONAK,KENT MERKEZİ
465,2025-01-20 00:00:00,İŞYERİ,ELEKT. KISA DEV./ELEKT. KONTAĞI,BAŞLANGIÇTA SÖNDÜRÜLEN,BETONARME,0,0,0,0,0,0,0,0,0,0,0,00:03,0,1,0,23:52,KONAK,KENT MERKEZİ
466,2025-01-21 00:00:00,BİNA,AÇIK ATEŞ,BAŞLANGIÇTA SÖNDÜRÜLEN,BETONARME,0,0,0,0,0,0,0,0,0,0,0,00:06,0,3,0,01:22,MENEMEN,KENT MERKEZİ
467,2025-01-21 00:00:00,BİNA,ŞÜPHELİ,BAŞLANGIÇTA SÖNDÜRÜLEN,BETONARME,0,0,0,0,0,0,0,0,0,0,0,00:02,0,2,0,05:45,KARABAĞLAR,KENT MERKEZİ
468,2025-01-21 00:00:00,İŞYERİ,PARLAMA (AKARYAKIT MADDESİ),BAŞLANGIÇTA SÖNDÜRÜLEN,BETONARME,0,0,0,0,0,0,0,0,0,0,0,00:03,0,0.5,0,11:03,KARABAĞLAR,KENT MERKEZİ
469,2025-01-21 00:00:00,ÇÖP,SİGARA/KİBRİT,BAŞLANGIÇTA SÖNDÜRÜLEN,,0,0,0,0,0,0,0,0,0,0,0,00:04,0,10,0,11:32,BUCA,KENT MERKEZİ
470,2025-01-21 00:00:00,ÇÖP,SİGARA/KİBRİT,BAŞLANGIÇTA SÖNDÜRÜLEN,,0,0,0,0,0,0,0,0,0,0,0,00:10,0,2,0,12:55,KEMALPAŞA,KIRSAL BÖLGE
471,2025-01-21 00:00:00,ARAÇ,ELEKT. KISA DEV./ELEKT. KONTAĞI,BAŞLANGIÇTA SÖNDÜRÜLEN,,0,0,0,0,0,0,0,0,0,0,0,00:03,0,0,0,13:02,BAYRAKLI,KENT MERKEZİ
472,2025-01-21 00:00:00,OT,SİGARA/KİBRİT,BAŞLANGIÇTA SÖNDÜRÜLEN,,0,0,0,0,0,0,0,0,0,0,0,00:03,0,1,0,14:19,BERGAMA,KENT MERKEZİ
473,2025-01-21 00:00:00,BARAKA/KULÜBE/YAŞAM KONTEYNERİ,ELEKT. KISA DEV./ELEKT. KONTAĞI,TAMAMEN YANAN,DİĞER,0,0,0,0,0,0,0,0,0,0,0,00:12,0,3,0,14:37,SELÇUK,KIRSAL BÖLGE
474,2025-01-21 00:00:00,BİNA,ELEKT. KISA DEV./ELEKT. KONTAĞI,BAŞLANGIÇTA SÖNDÜRÜLEN,BETONARME,0,0,0,0,0,0,0,0,0,0,0,00:04,0,0,0,15:54,BORNOVA,KENT MERKEZİ
475,2025-01-21 00:00:00,ÇÖP,SİGARA/KİBRİT,BAŞLANGIÇTA SÖNDÜRÜLEN,,0,0,0,0,0,0,0,0,0,0,0,00:03,0,1,0,16:08,DİKİLİ,KENT MERKEZİ
476,2025-01-21 00:00:00,BİNA,KIVILCIM(BACA),BAŞLANGIÇTA SÖNDÜRÜLEN,BETONARME,0,0,0,0,0,0,0,0,0,0,0,00:05,0,0.3,0,17:35,TORBALI,KENT MERKEZİ
477,2025-01-21 00:00:00,ÇÖP,AÇIK ATEŞ,BAŞLANGIÇTA SÖNDÜRÜLEN,,0,0,0,0,0,0,0,0,0,0,0,00:04,0,1,0,18:28,MENEMEN,KIRSAL BÖLGE
478,2025-01-21 00:00:00,OT,AÇIK ATEŞ,BAŞLANGIÇTA SÖNDÜRÜLEN,,0,0,0,0,0,0,0,0,0,0,0,00:20,0,,0,18:57,SEFERİHİSAR,KIRSAL BÖLGE
479,2025-01-21 00:00:00,BİNA,SİGARA/KİBRİT,KISMEN YANARAK KURTARILAN,BETONARME,0,0,0,0,0,0,0,0,0,0,0,00:03,0,3,0,19:04,KARABAĞLAR,KENT MERKEZİ
480,2025-01-21 00:00:00,ÇÖP,AÇIK ATEŞ,BAŞLANGIÇTA SÖNDÜRÜLEN,,0,0,0,0,0,0,0,0,0,0,0,00:03,2,10,0,19:18,KARŞIYAKA,KENT MERKEZİ
481,2025-01-21 00:00:00,ÇÖP,SİGARA/KİBRİT,BAŞLANGIÇTA SÖNDÜRÜLEN,,0,0,0,0,0,0,0,0,0,0,0,00:05,0,0.4,0,19:34,BUCA,KENT MERKEZİ
482,2025-01-21 00:00:00,ÇÖP,SİGARA/KİBRİT,BAŞLANGIÇTA SÖNDÜRÜLEN,,0,0,0,0,0,0,0,0,0,0,0,00:03,0,,0,21:28,BUCA,KENT MERKEZİ
483,2025-01-21 00:00:00,BİNA,ELEKT. KISA DEV./ELEKT. KONTAĞI,BAŞLANGIÇTA SÖNDÜRÜLEN,BETONARME,0,0,0,0,0,0,0,0,0,0,0,00:04,0,0,0,21:28,GAZİEMİR,KENT MERKEZİ
484,2025-01-21 00:00:00,ODUNLUK/KÖMÜRLÜK,ELEKT. KISA DEV./ELEKT. KONTAĞI,KISMEN YANARAK KURTARILAN,AHŞAP,0,0,0,0,0,0,0,0,0,0,0,00:02,0,2,0,22:17,FOÇA,KIRSAL BÖLGE
485,2025-01-21 00:00:00,BİNA,KIVILCIM(BACA),BAŞLANGIÇTA SÖNDÜRÜLEN,BETONARME,0,0,0,0,0,0,0,0,0,0,0,00:04,0,0,6,22:34,ÖDEMİŞ,KENT MERKEZİ
486,2025-01-21 00:00:00,ÇÖP,SİGARA/KİBRİT,BAŞLANGIÇTA SÖNDÜRÜLEN,,0,0,0,0,0,0,0,0,0,0,0,00:02,0,0.4,0,22:40,KONAK,KENT MERKEZİ
487,2025-01-22 00:00:00,ÇÖP,SİGARA/KİBRİT,BAŞLANGIÇTA SÖNDÜRÜLEN,,0,0,0,0,0,0,0,0,0,0,0,00:04,0,0.1,0,00:07,GAZİEMİR,KENT MERKEZİ
488,2025-01-22 00:00:00,ÇÖP,SİGARA/KİBRİT,BAŞLANGIÇTA SÖNDÜRÜLEN,,0,0,0,0,0,0,0,0,0,0,0,00:02,0,0.3,0,00:13,FOÇA,KENT MERKEZİ
489,2025-01-22 00:00:00,BİNA,ELEKT. KISA DEV./ELEKT. KONTAĞI,BAŞLANGIÇTA SÖNDÜRÜLEN,BETONARME,0,0,0,0,0,0,0,0,0,0,0,00:04,0,0,0,00:53,KARABAĞLAR,KENT MERKEZİ
490,2025-01-22 00:00:00,BİNA,ELEKT. KISA DEV./ELEKT. KONTAĞI,BAŞLANGIÇTA SÖNDÜRÜLEN,BETONARME,0,0,0,0,0,0,0,0,0,0,0,00:03,0,0,0,06:18,GAZİEMİR,KENT MERKEZİ
491,2025-01-22 00:00:00,ÇÖP,SİGARA/KİBRİT,BAŞLANGIÇTA SÖNDÜRÜLEN,,0,0,0,0,0,0,0,0,0,0,0,00:02,0,0.1,0,06:53,ÖDEMİŞ,KENT MERKEZİ
492,2025-01-22 00:00:00,İŞYERİ,ELEKT. KISA DEV./ELEKT. KONTAĞI,BAŞLANGIÇTA SÖNDÜRÜLEN,BETONARME,0,0,0,0,0,0,0,0,0,0,0,00:03,0,0,0,09:08,BORNOVA,KENT MERKEZİ
493,2025-01-22 00:00:00,BİNA,KIVILCIM(DİĞER),BAŞLANGIÇTA SÖNDÜRÜLEN,BETONARME,0,0,0,0,1,0,0,0,0,0,0,00:03,0,0.5,0,09:39,KONAK,KENT MERKEZİ
494,2025-01-22 00:00:00,ÇÖP,SİGARA/KİBRİT,BAŞLANGIÇTA SÖNDÜRÜLEN,,0,0,0,0,0,0,0,0,0,0,0,00:06,0,0.5,0,11:22,KARŞIYAKA,KENT MERKEZİ
495,2025-01-22 00:00:00,BİNA,ELEKT. KISA DEV./ELEKT. KONTAĞI,BAŞLANGIÇTA SÖNDÜRÜLEN,BETONARME,0,0,0,0,0,0,0,0,0,0,0,00:05,0,0,6,12:13,FOÇA,KENT MERKEZİ
496,2025-01-22 00:00:00,ÇÖP,AÇIK ATEŞ,BAŞLANGIÇTA SÖNDÜRÜLEN,,0,0,0,0,0,0,0,0,0,0,0,00:05,0,0.1,0,13:01,BALÇOVA,KENT MERKEZİ
497,2025-01-22 00:00:00,ÇÖP,AÇIK ATEŞ,BAŞLANGIÇTA SÖNDÜRÜLEN,,0,0,0,0,0,0,0,0,0,0,0,00:02,0,0.5,0,14:21,KARABAĞLAR,KENT MERKEZİ
498,2025-01-22 00:00:00,ÇÖP,SİGARA/KİBRİT,BAŞLANGIÇTA SÖNDÜRÜLEN,,0,0,0,0,0,0,0,0,0,0,0,00:04,0,2,0,14:23,BUCA,KENT MERKEZİ
499,2025-01-22 00:00:00,BİNA,KONDÜKSİYON (TEMAS İLE ISI TRANSFERİ),BAŞLANGIÇTA SÖNDÜRÜLEN,BETONARME,0,0,0,0,0,0,0,0,0,0,0,00:05,0,0.1,0,16:46,BUCA,KENT MERKEZİ
500,2025-01-22 00:00:00,BİNA,ELEKT. KISA DEV./ELEKT. KONTAĞI,BAŞLANGIÇTA SÖNDÜRÜLEN,BETONARME,0,0,0,0,0,0,0,0,0,0,0,00:05,0,0,0,16:47,BUCA,KENT MERKEZİ
501,2025-01-22 00:00:00,ÇÖP,AÇIK ATEŞ,BAŞLANGIÇTA SÖNDÜRÜLEN,,0,0,0,0,0,0,0,0,0,0,0,00:03,0,0.5,0,18:53,TORBALI,KENT MERKEZİ
502,2025-01-22 00:00:00,ÇÖP,SİGARA/KİBRİT,BAŞLANGIÇTA SÖNDÜRÜLEN,,0,0,0,0,0,0,0,0,0,0,0,00:03,0,1,0,19:16,FOÇA,KIRSAL BÖLGE
503,2025-01-22 00:00:00,BİNA,AÇIK ATEŞ,BAŞLANGIÇTA SÖNDÜRÜLEN,BETONARME,0,0,0,0,0,0,0,0,0,0,0,00:05,0,1,0,21:39,KONAK,KENT MERKEZİ
504,2025-01-22 00:00:00,BİNA,KIVILCIM(BACA),BAŞLANGIÇTA SÖNDÜRÜLEN,BETONARME,0,0,0,0,0,0,0,0,0,0,0,00:05,0,0.1,0,23:26,BUCA,KENT MERKEZİ
505,2025-01-23 00:00:00,FABRİKA/ATÖLYE/İMALATHANE,ELEKT. KISA DEV./ELEKT. KONTAĞI,BAŞLANGIÇTA SÖNDÜRÜLEN,BETONARME,0,0,0,0,0,0,0,0,0,0,0,00:10,0,0,0,04:50,ALİAĞA,KIRSAL BÖLGE
506,2025-01-23 00:00:00,ARAÇ,ELEKT. KISA DEV./ELEKT. KONTAĞI,BAŞLANGIÇTA SÖNDÜRÜLEN,,0,0,0,0,0,0,0,0,0,0,0,00:05,0,0,0,07:58,KARŞIYAKA,KENT MERKEZİ
507,2025-01-23 00:00:00,ÇÖP,SİGARA/KİBRİT,BAŞLANGIÇTA SÖNDÜRÜLEN,,0,0,0,0,0,0,0,0,0,0,0,00:05,0,3,0,08:40,KARŞIYAKA,KENT MERKEZİ
508,2025-01-23 00:00:00,ARAÇ,ELEKT. KISA DEV./ELEKT. KONTAĞI,BAŞLANGIÇTA SÖNDÜRÜLEN,,0,0,0,0,0,0,0,0,0,0,0,00:05,0,0.5,0,09:53,KARŞIYAKA,KENT MERKEZİ
509,2025-01-23 00:00:00,FABRİKA/ATÖLYE/İMALATHANE,KIVILCIM(DİĞER),BAŞLANGIÇTA SÖNDÜRÜLEN,PREFABRİK,0,0,0,0,0,0,0,0,0,0,0,00:07,0,0.5,0,10:08,TORBALI,KENT MERKEZİ
510,2025-01-23 00:00:00,KABLO/DİREK-ELEKT/TEL VB,ELEKT. KISA DEV./ELEKT. KONTAĞI,BAŞLANGIÇTA SÖNDÜRÜLEN,,0,0,0,0,0,0,0,0,0,0,0,00:03,0,0,6,10:15,MENDERES,KENT MERKEZİ
511,2025-01-23 00:00:00,ÇÖP,SİGARA/KİBRİT,BAŞLANGIÇTA SÖNDÜRÜLEN,,0,0,0,0,0,0,0,0,0,0,0,00:04,0,0.1,0,10:17,BUCA,KENT MERKEZİ
512,2025-01-23 00:00:00,ÇÖP,AÇIK ATEŞ,BAŞLANGIÇTA SÖNDÜRÜLEN,,0,0,0,0,0,0,0,0,0,0,0,00:04,0,0.1,0,12:51,BORNOVA,KENT MERKEZİ
513,2025-01-23 00:00:00,BİNA,ELEKT. KISA DEV./ELEKT. KONTAĞI,BAŞLANGIÇTA SÖNDÜRÜLEN,BETONARME,0,0,0,0,0,0,0,0,0,0,0,00:05,0,0,6,15:55,BERGAMA,KENT MERKEZİ
514,2025-01-23 00:00:00,ÇÖP,AÇIK ATEŞ,BAŞLANGIÇTA SÖNDÜRÜLEN,,0,0,0,0,0,0,0,0,0,0,0,00:11,0,1,0,16:21,URLA,KIRSAL BÖLGE
515,2025-01-23 00:00:00,ÇÖP,SİGARA/KİBRİT,BAŞLANGIÇTA SÖNDÜRÜLEN,,0,0,0,0,0,0,0,0,0,0,0,00:03,0,0.1,0,16:55,KARABAĞLAR,KENT MERKEZİ
516,2025-01-23 00:00:00,ARAÇ,DİĞER,BAŞLANGIÇTA SÖNDÜRÜLEN,,0,0,0,0,0,0,0,0,0,0,0,00:10,0,15,0,18:10,MANİSA,İL DIŞI
517,2025-01-23 00:00:00,OT,SİGARA/KİBRİT,BAŞLANGIÇTA SÖNDÜRÜLEN,,0,0,0,0,0,0,0,0,0,0,0,00:03,0,1,0,21:03,BERGAMA,KENT MERKEZİ
518,2025-01-23 00:00:00,ÇÖP,SİGARA/KİBRİT,BAŞLANGIÇTA SÖNDÜRÜLEN,,0,0,0,0,0,0,0,0,0,0,0,00:02,0,0.5,0,21:24,KARABAĞLAR,KENT MERKEZİ
519,2025-01-23 00:00:00,ÇÖP,AÇIK ATEŞ,BAŞLANGIÇTA SÖNDÜRÜLEN,,0,0,0,0,0,0,0,0,0,0,0,00:05,0,3,0,22:09,KARŞIYAKA,KENT MERKEZİ
520,2025-01-23 00:00:00,ÇÖP,AÇIK ATEŞ,BAŞLANGIÇTA SÖNDÜRÜLEN,,0,0,0,0,0,0,0,0,0,0,0,00:05,0,0.5,0,22:12,BORNOVA,KENT MERKEZİ
521,2025-01-23 00:00:00,BİNA,KIVILCIM(DİĞER),BAŞLANGIÇTA SÖNDÜRÜLEN,BETONARME,0,0,0,0,0,0,0,0,0,0,0,00:02,0,3.5,0,23:19,KARABURUN,KENT MERKEZİ
522,2025-01-24 00:00:00,ÇÖP,AÇIK ATEŞ,BAŞLANGIÇTA SÖNDÜRÜLEN,,0,0,0,0,0,0,0,0,0,0,0,00:04,0,1,0,00:02,MENEMEN,KENT MERKEZİ
523,2025-01-24 00:00:00,ÇÖP,SİGARA/KİBRİT,BAŞLANGIÇTA SÖNDÜRÜLEN,,0,0,0,0,0,0,0,0,0,0,0,00:02,0,0.1,0,01:08,BUCA,KENT MERKEZİ
524,2025-01-24 00:00:00,ÇÖP,SİGARA/KİBRİT,BAŞLANGIÇTA SÖNDÜRÜLEN,,0,0,0,0,0,0,0,0,0,0,0,00:02,0,0.1,0,01:55,BALÇOVA,KENT MERKEZİ
525,2025-01-24 00:00:00,ÇÖP,AÇIK ATEŞ,BAŞLANGIÇTA SÖNDÜRÜLEN,,0,0,0,0,0,0,0,0,0,0,0,00:05,0,1,0,02:10,ÇİĞLİ,KENT MERKEZİ
526,2025-01-24 00:00:00,ARAÇ,ELEKT. KISA DEV./ELEKT. KONTAĞI,TAMAMEN YANAN,,0,0,0,0,0,0,0,0,0,0,0,00:04,5,2,6,09:22,MENDERES,KIRSAL BÖLGE
527,2025-01-24 00:00:00,ARAÇ,ELEKT. KISA DEV./ELEKT. KONTAĞI,KISMEN YANARAK KURTARILAN,,0,0,0,0,0,0,0,0,0,0,0,00:06,25,3,0,09:22,BERGAMA,KENT MERKEZİ
528,2025-01-24 00:00:00,ÇÖP,AÇIK ATEŞ,BAŞLANGIÇTA SÖNDÜRÜLEN,,0,0,0,0,0,0,0,0,0,0,0,00:05,0,1.5,0,11:45,MENEMEN,KIRSAL BÖLGE
529,2025-01-24 00:00:00,ÇÖP,SİGARA/KİBRİT,BAŞLANGIÇTA SÖNDÜRÜLEN,,0,0,0,0,0,0,0,0,0,0,0,00:03,0,0.5,0,11:51,ALİAĞA,KENT MERKEZİ
530,2025-01-24 00:00:00,ÇÖP,SİGARA/KİBRİT,BAŞLANGIÇTA SÖNDÜRÜLEN,,0,0,0,0,0,0,0,0,0,0,0,00:04,0,10,0,15:42,KARABAĞLAR,KENT MERKEZİ
531,2025-01-24 00:00:00,ÇÖP,AÇIK ATEŞ,BAŞLANGIÇTA SÖNDÜRÜLEN,,0,0,0,0,0,0,0,0,0,0,0,00:03,0,1,0,15:43,BORNOVA,KENT MERKEZİ
532,2025-01-24 00:00:00,DAM/AHIR/AĞIL/AMBAR,ELEKT. KISA DEV./ELEKT. KONTAĞI,TAMAMEN YANAN,BETONARME,0,0,0,0,0,0,0,0,0,0,0,00:13,0,10,0,16:02,MENDERES,KIRSAL BÖLGE
533,2025-01-24 00:00:00,BİNA,OCAK ÜSTÜ YEMEK UNUTMA,BAŞLANGIÇTA SÖNDÜRÜLEN,BETONARME,0,0,0,0,0,0,0,0,0,0,0,00:03,0,1,0,16:33,KARŞIYAKA,KENT MERKEZİ
534,2025-01-24 00:00:00,ÇÖP,AÇIK ATEŞ,BAŞLANGIÇTA SÖNDÜRÜLEN,,0,0,0,0,0,0,0,0,0,0,0,00:08,0,2,0,16:48,MENEMEN,KENT MERKEZİ
535,2025-01-24 00:00:00,ÇÖP,SİGARA/KİBRİT,BAŞLANGIÇTA SÖNDÜRÜLEN,,0,0,0,0,0,0,0,0,0,0,0,00:05,0,5,0,22:23,KARABAĞLAR,KENT MERKEZİ
536,2025-01-24 00:00:00,ÇÖP,AÇIK ATEŞ,BAŞLANGIÇTA SÖNDÜRÜLEN,,0,0,0,0,0,0,0,0,0,0,0,00:03,0,0.6,0,22:44,KARŞIYAKA,KENT MERKEZİ
537,2025-01-24 00:00:00,BİNA,ELEKT. KISA DEV./ELEKT. KONTAĞI,BAŞLANGIÇTA SÖNDÜRÜLEN,BETONARME,0,0,0,0,1,0,0,0,0,0,0,00:05,0,0.5,0,22:48,KARŞIYAKA,KENT MERKEZİ
538,2025-01-24 00:00:00,BİNA,LPG/DOĞALGAZ,BAŞLANGIÇTA SÖNDÜRÜLEN,BETONARME,0,0,0,0,0,0,0,0,0,0,0,00:03,0,0.3,0,23:20,BUCA,KENT MERKEZİ
539,2025-01-25 00:00:00,ÇÖP,SİGARA/KİBRİT,BAŞLANGIÇTA SÖNDÜRÜLEN,,0,0,0,0,0,0,0,0,0,0,0,00:03,0,0.1,0,00:40,TİRE,KENT MERKEZİ
540,2025-01-25 00:00:00,İŞYERİ,ELEKT. KISA DEV./ELEKT. KONTAĞI,BAŞLANGIÇTA SÖNDÜRÜLEN,BETONARME,0,0,0,0,0,0,0,0,0,0,0,00:02,0,0.1,0,00:51,GAZİEMİR,KENT MERKEZİ
541,2025-01-25 00:00:00,ÇÖP,AÇIK ATEŞ,BAŞLANGIÇTA SÖNDÜRÜLEN,,0,0,0,0,0,0,0,0,0,0,0,00:03,0,6.5,0,05:40,BAYRAKLI,KENT MERKEZİ
542,2025-01-25 00:00:00,ÇÖP,SİGARA/KİBRİT,BAŞLANGIÇTA SÖNDÜRÜLEN,,0,0,0,0,0,0,0,0,0,0,0,00:04,0,0.3,0,12:11,KARŞIYAKA,KENT MERKEZİ
543,2025-01-25 00:00:00,ÇÖP,AÇIK ATEŞ,BAŞLANGIÇTA SÖNDÜRÜLEN,,0,0,0,0,0,0,0,0,0,0,0,00:05,0,3,0,16:35,MENEMEN,KENT MERKEZİ
544,2025-01-25 00:00:00,İŞYERİ,KIVILCIM(BACA),BAŞLANGIÇTA SÖNDÜRÜLEN,BETONARME,0,0,0,0,0,0,0,0,0,0,0,00:05,0,1,0,16:54,KARŞIYAKA,KENT MERKEZİ
545,2025-01-25 00:00:00,ARAÇ,ELEKT. KISA DEV./ELEKT. KONTAĞI,TAMAMEN YANAN,,0,0,0,0,0,0,0,0,0,0,0,00:03,0,4,0,17:04,BAYRAKLI,KENT MERKEZİ
546,2025-01-25 00:00:00,BİNA,ELEKT. KISA DEV./ELEKT. KONTAĞI,BAŞLANGIÇTA SÖNDÜRÜLEN,BETONARME,0,0,0,0,0,0,0,0,0,0,0,00:09,0,0,6,17:23,KEMALPAŞA,KENT MERKEZİ
547,2025-01-25 00:00:00,ÇÖP,AÇIK ATEŞ,BAŞLANGIÇTA SÖNDÜRÜLEN,,0,0,0,0,0,0,0,0,0,0,0,00:04,0,0.2,0,17:24,KONAK,KENT MERKEZİ
548,2025-01-25 00:00:00,ÇÖP,AÇIK ATEŞ,BAŞLANGIÇTA SÖNDÜRÜLEN,,0,0,0,0,0,0,0,0,0,0,0,00:05,0,3,0,18:30,MENEMEN,KENT MERKEZİ
549,2025-01-25 00:00:00,DİĞER,DİĞER,BAŞLANGIÇTA SÖNDÜRÜLEN,,0,0,0,0,0,0,0,0,0,0,0,00:13,0,2,0,18:59,MENDERES,KIRSAL BÖLGE
550,2025-01-25 00:00:00,BİNA,ELEKT. KISA DEV./ELEKT. KONTAĞI,BAŞLANGIÇTA SÖNDÜRÜLEN,BETONARME,0,0,0,0,0,0,0,0,0,0,0,00:05,0,0,0,19:23,BORNOVA,KENT MERKEZİ
551,2025-01-25 00:00:00,ÇÖP,AÇIK ATEŞ,BAŞLANGIÇTA SÖNDÜRÜLEN,,0,0,0,0,0,0,0,0,0,0,0,00:07,0,3,0,20:01,ÇEŞME,KENT MERKEZİ
552,2025-01-25 00:00:00,ÇÖP,SİGARA/KİBRİT,BAŞLANGIÇTA SÖNDÜRÜLEN,,0,0,0,0,0,0,0,0,0,0,0,00:04,0,0.2,0,20:17,KARŞIYAKA,KENT MERKEZİ
553,2025-01-25 00:00:00,ÇÖP,SİGARA/KİBRİT,BAŞLANGIÇTA SÖNDÜRÜLEN,,0,0,0,0,0,0,0,0,0,0,0,00:02,0,1,0,20:45,KARABAĞLAR,KENT MERKEZİ
554,2025-01-25 00:00:00,BİNA,ELEKT. KISA DEV./ELEKT. KONTAĞI,BAŞLANGIÇTA SÖNDÜRÜLEN,BETONARME,0,0,0,0,0,0,0,0,0,0,0,00:04,0,1,0,20:51,BORNOVA,KENT MERKEZİ
555,2025-01-25 00:00:00,ÇÖP,SİGARA/KİBRİT,BAŞLANGIÇTA SÖNDÜRÜLEN,,0,0,0,0,0,0,0,0,0,0,0,00:09,0,0.5,0,21:18,KEMALPAŞA,KIRSAL BÖLGE
556,2025-01-25 00:00:00,ÇÖP,SİGARA/KİBRİT,BAŞLANGIÇTA SÖNDÜRÜLEN,,0,0,0,0,0,0,0,0,0,0,0,00:03,0,0.5,0,21:35,KONAK,KENT MERKEZİ
557,2025-01-25 00:00:00,LASTİK,AÇIK ATEŞ,BAŞLANGIÇTA SÖNDÜRÜLEN,,0,0,0,0,0,0,0,0,0,0,0,00:05,0,0.3,0,23:21,BAYINDIR,KENT MERKEZİ
558,2025-01-25 00:00:00,ÇÖP,AÇIK ATEŞ,BAŞLANGIÇTA SÖNDÜRÜLEN,,0,0,0,0,0,0,0,0,0,0,0,00:03,0,3,0,23:58,MENEMEN,KENT MERKEZİ
559,2025-01-26 00:00:00,ARAÇ,ELEKT. KISA DEV./ELEKT. KONTAĞI,KISMEN YANARAK KURTARILAN,,0,0,0,0,0,0,0,0,0,0,0,00:05,0,1.5,0,01:18,ALİAĞA,KIRSAL BÖLGE
560,2025-01-26 00:00:00,ÇÖP,AÇIK ATEŞ,BAŞLANGIÇTA SÖNDÜRÜLEN,,0,0,0,0,0,0,0,0,0,0,0,00:05,0,1,0,01:56,BORNOVA,KENT MERKEZİ
561,2025-01-26 00:00:00,ÇÖP,SİGARA/KİBRİT,BAŞLANGIÇTA SÖNDÜRÜLEN,,0,0,0,0,0,0,0,0,0,0,0,00:02,0,0.3,0,07:26,BUCA,KENT MERKEZİ
562,2025-01-26 00:00:00,BİNA,PARLAMA (YAĞ/KİMYASAL MAD.),BAŞLANGIÇTA SÖNDÜRÜLEN,BETONARME,0,0,0,0,0,0,0,0,0,0,0,00:04,0,0,0,09:00,SELÇUK,KENT MERKEZİ
563,2025-01-26 00:00:00,BİNA,KIVILCIM(DİĞER),BAŞLANGIÇTA SÖNDÜRÜLEN,BETONARME,0,0,0,0,0,0,0,0,0,0,0,00:03,0,0,0,09:08,KONAK,KENT MERKEZİ
564,2025-01-26 00:00:00,ÇÖP,AÇIK ATEŞ,BAŞLANGIÇTA SÖNDÜRÜLEN,,0,0,0,0,0,0,0,0,0,0,0,00:10,0,0,0,11:08,URLA,KIRSAL BÖLGE
565,2025-01-26 00:00:00,BİNA,ELEKT. KISA DEV./ELEKT. KONTAĞI,BAŞLANGIÇTA SÖNDÜRÜLEN,BETONARME,0,0,0,0,0,0,0,0,0,0,0,00:02,0,0.1,0,12:24,KARABAĞLAR,KENT MERKEZİ
566,2025-01-26 00:00:00,BİNA,AÇIK ATEŞ,BAŞLANGIÇTA SÖNDÜRÜLEN,BETONARME,0,0,0,0,0,0,0,0,0,0,0,00:05,0,0.5,0,14:02,BORNOVA,KENT MERKEZİ
567,2025-01-26 00:00:00,AĞAÇ,SİGARA/KİBRİT,BAŞLANGIÇTA SÖNDÜRÜLEN,,0,0,0,0,0,0,0,0,0,0,0,00:05,0,0.3,0,15:07,ÇEŞME,KENT MERKEZİ
568,2025-01-26 00:00:00,BİNA,KIVILCIM(DİĞER),BAŞLANGIÇTA SÖNDÜRÜLEN,BETONARME,0,0,0,0,0,0,0,0,0,0,0,00:04,0,0,0,15:12,KARABAĞLAR,KENT MERKEZİ
569,2025-01-26 00:00:00,BİNA,ELEKT. KISA DEV./ELEKT. KONTAĞI,BAŞLANGIÇTA SÖNDÜRÜLEN,BETONARME,0,0,0,0,0,0,0,0,0,0,0,00:05,0,0,0,15:55,KARŞIYAKA,KENT MERKEZİ
570,2025-01-26 00:00:00,ÇÖP,AÇIK ATEŞ,BAŞLANGIÇTA SÖNDÜRÜLEN,,0,0,0,0,0,0,0,0,0,0,0,00:05,0,0.5,0,16:15,KARŞIYAKA,KENT MERKEZİ
571,2025-01-26 00:00:00,BİNA,AÇIK ATEŞ,BAŞLANGIÇTA SÖNDÜRÜLEN,BETONARME,0,0,0,0,0,0,0,0,0,0,0,00:03,0,1.5,0,16:34,KONAK,KENT MERKEZİ
572,2025-01-26 00:00:00,ÇÖP,SİGARA/KİBRİT,BAŞLANGIÇTA SÖNDÜRÜLEN,,0,0,0,0,0,0,0,0,0,0,0,00:06,0,8,0,18:03,BUCA,KENT MERKEZİ
573,2025-01-26 00:00:00,ÇÖP,AÇIK ATEŞ,BAŞLANGIÇTA SÖNDÜRÜLEN,,0,0,0,0,0,0,0,0,0,0,0,00:04,0,1,0,18:21,BAYRAKLI,KENT MERKEZİ
574,2025-01-26 00:00:00,ÇÖP,AÇIK ATEŞ,BAŞLANGIÇTA SÖNDÜRÜLEN,,0,0,0,0,0,0,0,0,0,0,0,00:06,0,0,0,18:27,ÇEŞME,KENT MERKEZİ
575,2025-01-26 00:00:00,ÇÖP,SİGARA/KİBRİT,BAŞLANGIÇTA SÖNDÜRÜLEN,,0,0,0,0,0,0,0,0,0,0,0,00:04,0,0.2,0,19:58,BUCA,KENT MERKEZİ
576,2025-01-26 00:00:00,ÇÖP,AÇIK ATEŞ,BAŞLANGIÇTA SÖNDÜRÜLEN,,0,0,0,0,0,0,0,0,0,0,0,00:05,0,1,0,19:59,KINIK,KIRSAL BÖLGE
577,2025-01-26 00:00:00,ARAÇ,ELEKT. KISA DEV./ELEKT. KONTAĞI,BAŞLANGIÇTA SÖNDÜRÜLEN,,0,0,0,0,0,0,0,0,0,0,0,00:03,0,0.2,0,20:20,BUCA,KENT MERKEZİ
578,2025-01-26 00:00:00,ÇÖP,AÇIK ATEŞ,BAŞLANGIÇTA SÖNDÜRÜLEN,,0,0,0,0,0,0,0,0,0,0,0,00:02,0,0.1,0,20:27,KARABAĞLAR,KENT MERKEZİ
579,2025-01-26 00:00:00,BİNA,ELEKT. KISA DEV./ELEKT. KONTAĞI,BAŞLANGIÇTA SÖNDÜRÜLEN,BETONARME,0,0,0,0,0,0,0,0,0,0,0,00:05,0,0,0,20:33,KARŞIYAKA,KENT MERKEZİ
580,2025-01-26 00:00:00,BİNA,KIVILCIM(BACA),BAŞLANGIÇTA SÖNDÜRÜLEN,BETONARME,0,0,0,0,0,0,0,0,0,0,0,00:04,0,0,0,21:29,KEMALPAŞA,KENT MERKEZİ
581,2025-01-26 00:00:00,BİNA,KIVILCIM(BACA),BAŞLANGIÇTA SÖNDÜRÜLEN,BETONARME,0,0,0,0,0,0,0,0,0,0,0,00:05,0,0,18,21:56,ÖDEMİŞ,KENT MERKEZİ
582,2025-01-26 00:00:00,ÇÖP,SİGARA/KİBRİT,BAŞLANGIÇTA SÖNDÜRÜLEN,,0,0,0,0,0,0,0,0,0,0,0,00:03,0,0.5,0,22:11,KARABAĞLAR,KENT MERKEZİ
583,2025-01-26 00:00:00,ÇÖP,SİGARA/KİBRİT,BAŞLANGIÇTA SÖNDÜRÜLEN,,0,0,0,0,0,0,0,0,0,0,0,00:06,0,0.5,0,22:34,BAYRAKLI,KENT MERKEZİ
584,2025-01-27 00:00:00,ÇÖP,AÇIK ATEŞ,BAŞLANGIÇTA SÖNDÜRÜLEN,,0,0,0,0,0,0,0,0,0,0,0,00:02,0,1,0,01:30,KARŞIYAKA,KENT MERKEZİ
585,2025-01-27 00:00:00,BİNA,KONDÜKSİYON (TEMAS İLE ISI TRANSFERİ),BAŞLANGIÇTA SÖNDÜRÜLEN,BETONARME,0,0,0,0,0,0,0,0,0,0,0,00:02,0,0,12,06:15,TİRE,KENT MERKEZİ
586,2025-01-27 00:00:00,BİNA,ELEKT. KISA DEV./ELEKT. KONTAĞI,BAŞLANGIÇTA SÖNDÜRÜLEN,BETONARME,0,0,0,0,0,0,0,0,0,0,0,00:02,0,0,0,07:01,BORNOVA,KENT MERKEZİ
587,2025-01-27 00:00:00,ÇÖP,SİGARA/KİBRİT,BAŞLANGIÇTA SÖNDÜRÜLEN,,0,0,0,0,0,0,0,0,0,0,0,00:03,0,0.5,0,07:12,KONAK,KENT MERKEZİ
588,2025-01-27 00:00:00,ARAÇ,ELEKT. KISA DEV./ELEKT. KONTAĞI,KISMEN YANARAK KURTARILAN,,0,0,0,0,0,0,0,0,0,0,0,00:05,0,6,0,07:21,BAYRAKLI,KENT MERKEZİ
589,2025-01-27 00:00:00,BİNA,OCAK ÜSTÜ YEMEK UNUTMA,BAŞLANGIÇTA SÖNDÜRÜLEN,BETONARME,0,0,0,0,0,0,0,0,0,0,0,00:02,0,0.1,0,08:18,KONAK,KENT MERKEZİ
590,2025-01-27 00:00:00,BİNA,ELEKT. KISA DEV./ELEKT. KONTAĞI,BAŞLANGIÇTA SÖNDÜRÜLEN,BETONARME,0,0,0,0,0,0,0,0,0,0,0,00:06,0,2,0,09:59,KARABAĞLAR,KENT MERKEZİ
591,2025-01-27 00:00:00,ÇÖP,SİGARA/KİBRİT,BAŞLANGIÇTA SÖNDÜRÜLEN,,0,0,0,0,0,0,0,0,0,0,0,00:04,0,0.2,0,10:11,MENDERES,KENT MERKEZİ
592,2025-01-27 00:00:00,ÇÖP,SİGARA/KİBRİT,BAŞLANGIÇTA SÖNDÜRÜLEN,,0,0,0,0,0,0,0,0,0,0,0,00:01,0,1.5,0,14:14,BORNOVA,KENT MERKEZİ
593,2025-01-27 00:00:00,İŞYERİ,PARLAMA (YAĞ/KİMYASAL MAD.),BAŞLANGIÇTA SÖNDÜRÜLEN,AHŞAP,0,0,0,0,0,0,0,0,0,0,0,00:05,0,0.1,0,14:39,MENDERES,KIRSAL BÖLGE
594,2025-01-27 00:00:00,ÇÖP,AÇIK ATEŞ,BAŞLANGIÇTA SÖNDÜRÜLEN,,0,0,0,0,0,0,0,0,0,0,0,00:04,0,2.5,0,15:15,KARŞIYAKA,KENT MERKEZİ
595,2025-01-27 00:00:00,ÇÖP,SİGARA/KİBRİT,BAŞLANGIÇTA SÖNDÜRÜLEN,,0,0,0,0,0,0,0,0,0,0,0,00:04,0,0.2,0,16:29,BORNOVA,KENT MERKEZİ
596,2025-01-27 00:00:00,ÇÖP,SİGARA/KİBRİT,BAŞLANGIÇTA SÖNDÜRÜLEN,,0,0,0,0,0,0,0,0,0,0,0,00:04,0,1,0,21:05,BORNOVA,KENT MERKEZİ
597,2025-01-27 00:00:00,ÇÖP,SİGARA/KİBRİT,BAŞLANGIÇTA SÖNDÜRÜLEN,,0,0,0,0,0,0,0,0,0,0,0,00:05,0,10,0,21:30,BUCA,KENT MERKEZİ
598,2025-01-27 00:00:00,BİNA,ELEKT. KISA DEV./ELEKT. KONTAĞI,BAŞLANGIÇTA SÖNDÜRÜLEN,BETONARME,0,0,0,0,0,0,0,0,0,0,0,00:03,0,0,6,21:37,KONAK,KENT MERKEZİ
599,2025-01-27 00:00:00,BİNA,ELEKT. KISA DEV./ELEKT. KONTAĞI,BAŞLANGIÇTA SÖNDÜRÜLEN,BETONARME,0,0,0,0,0,0,0,0,0,0,0,00:02,0,0,0,21:45,BALÇOVA,KENT MERKEZİ
600,2025-01-27 00:00:00,ARAÇ,ELEKT. KISA DEV./ELEKT. KONTAĞI,KISMEN YANARAK KURTARILAN,,0,0,0,0,0,0,0,0,0,0,0,00:03,0,2,0,22:22,BORNOVA,KENT MERKEZİ
601,2025-01-28 00:00:00,BİNA,ELEKT. KISA DEV./ELEKT. KONTAĞI,BAŞLANGIÇTA SÖNDÜRÜLEN,BETONARME,0,0,0,0,0,0,0,0,0,0,0,00:02,0,1,0,00:20,KONAK,KENT MERKEZİ
602,2025-01-28 00:00:00,BİNA,ELEKT. KISA DEV./ELEKT. KONTAĞI,BAŞLANGIÇTA SÖNDÜRÜLEN,BETONARME,0,0,0,0,0,0,0,0,0,0,0,00:04,0,0,0,00:21,BUCA,KENT MERKEZİ
603,2025-01-28 00:00:00,BARAKA/KULÜBE/YAŞAM KONTEYNERİ,SİGARA/KİBRİT,BAŞLANGIÇTA SÖNDÜRÜLEN,DİĞER,0,0,0,0,0,0,0,0,0,0,0,00:05,0,8,0,01:37,BALÇOVA,KENT MERKEZİ
604,2025-01-28 00:00:00,KABLO/DİREK-ELEKT/TEL VB,ELEKT. KISA DEV./ELEKT. KONTAĞI,BAŞLANGIÇTA SÖNDÜRÜLEN,,0,0,0,0,0,0,0,0,0,0,0,00:06,0,0,6,01:55,GÜZELBAHÇE,KENT MERKEZİ
605,2025-01-28 00:00:00,ÇÖP,SİGARA/KİBRİT,BAŞLANGIÇTA SÖNDÜRÜLEN,,0,0,0,0,0,0,0,0,0,0,0,00:02,7,1.5,0,02:30,BUCA,KENT MERKEZİ
606,2025-01-28 00:00:00,BİNA,ELEKT. KISA DEV./ELEKT. KONTAĞI,BAŞLANGIÇTA SÖNDÜRÜLEN,BETONARME,0,0,0,0,0,0,0,0,0,0,0,00:03,0,0,0,02:38,BUCA,KENT MERKEZİ
607,2025-01-28 00:00:00,BİNA,ŞÜPHELİ,BAŞLANGIÇTA SÖNDÜRÜLEN,BETONARME,0,0,0,0,0,0,0,0,0,0,0,00:04,0,0.5,6,02:43,ÖDEMİŞ,KENT MERKEZİ
608,2025-01-28 00:00:00,MOTOSİKLET,KASIT,TAMAMEN YANAN,,0,0,0,0,0,0,0,0,0,0,0,00:02,0,1,0,03:09,BUCA,KENT MERKEZİ
609,2025-01-28 00:00:00,BİNA,SİGARA/KİBRİT,BAŞLANGIÇTA SÖNDÜRÜLEN,BETONARME,0,0,0,0,0,0,0,0,0,0,0,00:05,0,1.5,0,03:18,KONAK,KENT MERKEZİ
610,2025-01-28 00:00:00,BİNA,KASIT,BAŞLANGIÇTA SÖNDÜRÜLEN,BETONARME,0,0,0,0,0,0,0,0,0,0,0,00:03,0,0,0,04:16,KONAK,KENT MERKEZİ
611,2025-01-28 00:00:00,ÇÖP,SİGARA/KİBRİT,BAŞLANGIÇTA SÖNDÜRÜLEN,,0,0,0,0,0,0,0,0,0,0,0,00:03,0,0.5,0,07:59,KARABAĞLAR,KENT MERKEZİ
612,2025-01-28 00:00:00,ARAÇ,ELEKT. KISA DEV./ELEKT. KONTAĞI,KISMEN YANARAK KURTARILAN,,0,0,0,0,0,0,0,0,0,0,0,00:03,0,0.5,0,09:51,KONAK,KENT MERKEZİ
613,2025-01-28 00:00:00,ARAÇ,ELEKT. KISA DEV./ELEKT. KONTAĞI,BAŞLANGIÇTA SÖNDÜRÜLEN,,0,0,0,0,0,0,0,0,0,0,0,00:03,0,0,0,13:15,BAYRAKLI,KENT MERKEZİ
614,2025-01-28 00:00:00,BİNA,OCAK ÜSTÜ YEMEK UNUTMA,BAŞLANGIÇTA SÖNDÜRÜLEN,BETONARME,0,0,0,0,0,0,0,0,0,0,0,00:04,0,0,0,13:33,KARABAĞLAR,KENT MERKEZİ
615,2025-01-28 00:00:00,FABRİKA/ATÖLYE/İMALATHANE,ELEKT. KISA DEV./ELEKT. KONTAĞI,BAŞLANGIÇTA SÖNDÜRÜLEN,BETONARME,0,0,0,0,0,0,0,0,0,0,0,00:11,0,0,0,13:46,TORBALI,KIRSAL BÖLGE
616,2025-01-28 00:00:00,ARAÇ,ELEKT. KISA DEV./ELEKT. KONTAĞI,BAŞLANGIÇTA SÖNDÜRÜLEN,,0,0,0,0,0,0,0,0,0,0,0,00:04,0,0.5,0,14:20,TORBALI,KENT MERKEZİ
617,2025-01-28 00:00:00,İŞ MAKİNESİ,ELEKT. KISA DEV./ELEKT. KONTAĞI,BAŞLANGIÇTA SÖNDÜRÜLEN,,0,0,0,0,0,0,0,0,0,0,0,00:01,25,2,0,16:12,ÇEŞME,KENT MERKEZİ
618,2025-01-28 00:00:00,ÇÖP,SİGARA/KİBRİT,BAŞLANGIÇTA SÖNDÜRÜLEN,,0,0,0,0,0,0,0,0,0,0,0,00:04,0,0.2,0,16:47,TORBALI,KENT MERKEZİ
619,2025-01-28 00:00:00,BİNA,SİGARA/KİBRİT,BAŞLANGIÇTA SÖNDÜRÜLEN,BETONARME,0,0,0,0,0,0,0,0,0,0,0,00:03,0,0,0,17:37,BUCA,KENT MERKEZİ
620,2025-01-28 00:00:00,ÇÖP,SİGARA/KİBRİT,BAŞLANGIÇTA SÖNDÜRÜLEN,,0,0,0,0,0,0,0,0,0,0,0,00:03,0,0.2,0,17:56,ÇİĞLİ,KENT MERKEZİ
621,2025-01-28 00:00:00,ÇÖP,AÇIK ATEŞ,BAŞLANGIÇTA SÖNDÜRÜLEN,,0,0,0,0,0,0,0,0,0,0,0,00:05,0,2,0,18:23,BUCA,KENT MERKEZİ
622,2025-01-28 00:00:00,ÇÖP,AÇIK ATEŞ,BAŞLANGIÇTA SÖNDÜRÜLEN,,0,0,0,0,0,0,0,0,0,0,0,00:03,0,0.3,0,18:33,TORBALI,KENT MERKEZİ
623,2025-01-28 00:00:00,ÇÖP,AÇIK ATEŞ,BAŞLANGIÇTA SÖNDÜRÜLEN,,0,0,0,0,0,0,0,0,0,0,0,00:02,0,2.5,0,18:51,BERGAMA,KENT MERKEZİ
624,2025-01-28 00:00:00,BİNA,ELEKT. KISA DEV./ELEKT. KONTAĞI,BAŞLANGIÇTA SÖNDÜRÜLEN,BETONARME,0,0,0,0,1,0,0,0,0,0,0,00:04,0,0.5,0,19:08,KARŞIYAKA,KENT MERKEZİ
625,2025-01-28 00:00:00,ODUN/KÖMÜR-AÇIK ALANDA,SİGARA/KİBRİT,BAŞLANGIÇTA SÖNDÜRÜLEN,,0,0,0,0,0,0,0,0,0,0,0,00:04,2,0.5,0,19:16,KARABAĞLAR,KENT MERKEZİ
626,2025-01-28 00:00:00,ÇÖP,SİGARA/KİBRİT,BAŞLANGIÇTA SÖNDÜRÜLEN,,0,0,0,0,0,0,0,0,0,0,0,00:05,0,0.5,0,19:26,ÇİĞLİ,KENT MERKEZİ
627,2025-01-28 00:00:00,ÇÖP,SİGARA/KİBRİT,BAŞLANGIÇTA SÖNDÜRÜLEN,,0,0,0,0,0,0,0,0,0,0,0,00:01,0,0.5,0,20:04,DİKİLİ,KENT MERKEZİ
628,2025-01-28 00:00:00,ARAÇ,ELEKT. KISA DEV./ELEKT. KONTAĞI,BAŞLANGIÇTA SÖNDÜRÜLEN,,0,0,0,0,0,0,0,0,0,0,0,00:16,0,0,0,20:07,TORBALI,KIRSAL BÖLGE
629,2025-01-28 00:00:00,ÇÖP,SİGARA/KİBRİT,BAŞLANGIÇTA SÖNDÜRÜLEN,,0,0,0,0,0,0,0,0,0,0,0,00:08,0,5,0,20:25,GAZİEMİR,KENT MERKEZİ
630,2025-01-28 00:00:00,ÇÖP,AÇIK ATEŞ,BAŞLANGIÇTA SÖNDÜRÜLEN,,0,0,0,0,0,0,0,0,0,0,0,00:09,0,0.5,0,21:01,URLA,KIRSAL BÖLGE
631,2025-01-28 00:00:00,ÇÖP,SİGARA/KİBRİT,BAŞLANGIÇTA SÖNDÜRÜLEN,,0,0,0,0,0,0,0,0,0,0,0,00:02,0,1.5,0,21:28,BORNOVA,KENT MERKEZİ
632,2025-01-28 00:00:00,KABLO/DİREK-ELEKT/TEL VB,ELEKT. KISA DEV./ELEKT. KONTAĞI,BAŞLANGIÇTA SÖNDÜRÜLEN,,0,0,0,0,0,0,0,0,0,0,0,00:04,0,0.5,0,21:42,KARABAĞLAR,KENT MERKEZİ
633,2025-01-28 00:00:00,ÇÖP,SİGARA/KİBRİT,BAŞLANGIÇTA SÖNDÜRÜLEN,,0,0,0,0,0,0,0,0,0,0,0,00:02,0,1,0,22:11,BORNOVA,KENT MERKEZİ
634,2025-01-28 00:00:00,ÇÖP,SİGARA/KİBRİT,BAŞLANGIÇTA SÖNDÜRÜLEN,,0,0,0,0,0,0,0,0,0,0,0,00:03,0,1,0,22:29,BORNOVA,KENT MERKEZİ
635,2025-01-28 00:00:00,HURDA-AÇIK ALANDA,AÇIK ATEŞ,BAŞLANGIÇTA SÖNDÜRÜLEN,,0,0,0,0,0,0,0,0,0,0,0,00:04,0,1,0,23:12,KARŞIYAKA,KENT MERKEZİ
636,2025-01-28 00:00:00,ÇÖP,SİGARA/KİBRİT,BAŞLANGIÇTA SÖNDÜRÜLEN,,0,0,0,0,0,0,0,0,0,0,0,00:04,0,17,0,23:19,BUCA,KENT MERKEZİ
637,2025-01-29 00:00:00,ARAÇ,ELEKT. KISA DEV./ELEKT. KONTAĞI,BAŞLANGIÇTA SÖNDÜRÜLEN,,0,0,0,0,0,0,0,0,0,0,0,00:05,0,1,0,00:33,BAYRAKLI,KENT MERKEZİ
638,2025-01-29 00:00:00,BİNA,ŞÜPHELİ,BAŞLANGIÇTA SÖNDÜRÜLEN,BETONARME,0,0,0,0,0,0,0,0,0,0,0,00:04,0,5,0,06:01,TİRE,KENT MERKEZİ
639,2025-01-29 00:00:00,KABLO/DİREK-ELEKT/TEL VB,ELEKT. KISA DEV./ELEKT. KONTAĞI,BAŞLANGIÇTA SÖNDÜRÜLEN,,0,0,0,0,0,0,0,0,0,0,0,00:04,0,0,0,07:59,KONAK,KENT MERKEZİ
640,2025-01-29 00:00:00,BİNA,ELEKT. KISA DEV./ELEKT. KONTAĞI,BAŞLANGIÇTA SÖNDÜRÜLEN,BETONARME,0,0,0,0,0,0,0,0,0,0,0,00:04,0,0.5,0,08:48,KARABAĞLAR,KENT MERKEZİ
641,2025-01-29 00:00:00,BİNA,ELEKT. KISA DEV./ELEKT. KONTAĞI,BAŞLANGIÇTA SÖNDÜRÜLEN,BETONARME,0,0,0,0,0,0,0,0,0,0,0,00:02,0,0,0,10:40,FOÇA,KIRSAL BÖLGE
642,2025-01-29 00:00:00,AĞAÇ,SİGARA/KİBRİT,BAŞLANGIÇTA SÖNDÜRÜLEN,,0,0,0,0,0,0,0,0,0,0,0,00:04,0,2,0,11:47,SELÇUK,KENT MERKEZİ
643,2025-01-29 00:00:00,BİNA,ELEKT. KISA DEV./ELEKT. KONTAĞI,KISMEN YANARAK KURTARILAN,BETONARME,0,0,0,0,0,0,0,0,0,0,0,00:08,0,8,0,12:20,BERGAMA,KIRSAL BÖLGE
644,2025-01-29 00:00:00,FABRİKA/ATÖLYE/İMALATHANE,ELEKT. KISA DEV./ELEKT. KONTAĞI,BAŞLANGIÇTA SÖNDÜRÜLEN,BETONARME,0,0,0,0,0,0,0,0,0,0,0,00:03,0,0,0,13:08,KARABAĞLAR,KENT MERKEZİ
645,2025-01-29 00:00:00,FABRİKA/ATÖLYE/İMALATHANE,ELEKT. KISA DEV./ELEKT. KONTAĞI,BAŞLANGIÇTA SÖNDÜRÜLEN,BETONARME,0,0,0,0,0,0,0,0,0,0,0,00:03,0,5,0,13:20,BORNOVA,KENT MERKEZİ
646,2025-01-29 00:00:00,ODUN/KÖMÜR-AÇIK ALANDA,SİGARA/KİBRİT,BAŞLANGIÇTA SÖNDÜRÜLEN,,0,0,0,0,0,0,0,0,0,0,0,00:03,0,3,0,13:33,MENDERES,KIRSAL BÖLGE
647,2025-01-29 00:00:00,ÇÖP,AÇIK ATEŞ,BAŞLANGIÇTA SÖNDÜRÜLEN,,0,0,0,0,0,0,0,0,0,0,0,00:10,0,0,0,13:52,GÜZELBAHÇE,KENT MERKEZİ
648,2025-01-29 00:00:00,ÇÖP,AÇIK ATEŞ,BAŞLANGIÇTA SÖNDÜRÜLEN,,0,0,0,0,0,0,0,0,0,0,0,00:04,0,0.5,0,14:07,TORBALI,KENT MERKEZİ
649,2025-01-29 00:00:00,ARAÇ,PARLAMA (AKARYAKIT MADDESİ),BAŞLANGIÇTA SÖNDÜRÜLEN,,0,0,0,0,0,0,0,0,0,0,0,00:04,0,0,0,14:16,SEFERİHİSAR,KENT MERKEZİ
650,2025-01-29 00:00:00,ÇÖP,AÇIK ATEŞ,BAŞLANGIÇTA SÖNDÜRÜLEN,,0,0,0,0,0,0,0,0,0,0,0,00:05,0,1,0,14:30,TİRE,KENT MERKEZİ
651,2025-01-29 00:00:00,ÇÖP,AÇIK ATEŞ,BAŞLANGIÇTA SÖNDÜRÜLEN,,0,0,0,0,0,0,0,0,0,0,0,00:05,0,1,0,14:41,ÖDEMİŞ,KENT MERKEZİ
652,2025-01-29 00:00:00,OT,SİGARA/KİBRİT,BAŞLANGIÇTA SÖNDÜRÜLEN,,0,0,0,0,0,0,0,0,0,0,0,00:02,0,1,0,15:05,TORBALI,KENT MERKEZİ
653,2025-01-29 00:00:00,ÇÖP,AÇIK ATEŞ,BAŞLANGIÇTA SÖNDÜRÜLEN,,0,0,0,0,0,0,0,0,0,0,0,00:05,0,1,0,15:55,BUCA,KENT MERKEZİ
654,2025-01-29 00:00:00,OT,AÇIK ATEŞ,BAŞLANGIÇTA SÖNDÜRÜLEN,,0,0,0,0,0,0,0,0,0,0,0,00:02,0,2,6,16:28,KINIK,KENT MERKEZİ
655,2025-01-29 00:00:00,OT,SİGARA/KİBRİT,BAŞLANGIÇTA SÖNDÜRÜLEN,,0,0,0,0,0,0,0,0,0,0,0,00:14,0,0.5,0,16:46,KEMALPAŞA,KIRSAL BÖLGE
656,2025-01-29 00:00:00,BİNA,ÇOCUKLARIN ATEŞLE OYNAMASI,BAŞLANGIÇTA SÖNDÜRÜLEN,BETONARME,0,0,0,0,0,0,0,0,0,0,0,00:03,0,0.2,0,17:11,KARABAĞLAR,KENT MERKEZİ
657,2025-01-29 00:00:00,OT,AÇIK ATEŞ,BAŞLANGIÇTA SÖNDÜRÜLEN,,0,0,0,0,0,0,0,0,0,0,0,00:06,0,0.2,0,17:54,MENEMEN,KIRSAL BÖLGE
658,2025-01-29 00:00:00,ÇÖP,AÇIK ATEŞ,BAŞLANGIÇTA SÖNDÜRÜLEN,,0,0,0,0,0,0,0,0,0,0,0,00:05,0,0.5,0,18:32,ÖDEMİŞ,KENT MERKEZİ
659,2025-01-29 00:00:00,MAKİLİK/ÇALI,AÇIK ATEŞ,BAŞLANGIÇTA SÖNDÜRÜLEN,,0,0,0,0,0,0,0,0,0,0,0,00:18,0,0.5,0,19:12,SEFERİHİSAR,KIRSAL BÖLGE
660,2025-01-29 00:00:00,ZEYTİNLİK,AÇIK ATEŞ,BAŞLANGIÇTA SÖNDÜRÜLEN,,0,0,0,0,0,0,0,0,0,0,0,00:07,0,3,0,19:15,TORBALI,KIRSAL BÖLGE
661,2025-01-29 00:00:00,ÇÖP,SİGARA/KİBRİT,BAŞLANGIÇTA SÖNDÜRÜLEN,,0,0,0,0,0,0,0,0,0,0,0,00:05,0,0.5,0,19:34,KARŞIYAKA,KENT MERKEZİ
662,2025-01-29 00:00:00,ÇÖP,SİGARA/KİBRİT,BAŞLANGIÇTA SÖNDÜRÜLEN,,0,0,0,0,0,0,0,0,0,0,0,00:05,0,2,0,20:33,BUCA,KENT MERKEZİ
663,2025-01-29 00:00:00,BİNA,OCAK ÜSTÜ YEMEK UNUTMA,BAŞLANGIÇTA SÖNDÜRÜLEN,BETONARME,0,0,0,0,0,0,0,0,0,0,0,00:03,0,0,0,20:57,BORNOVA,KENT MERKEZİ
664,2025-01-29 00:00:00,OT,SİGARA/KİBRİT,BAŞLANGIÇTA SÖNDÜRÜLEN,,0,0,0,0,0,0,0,0,0,0,0,00:05,0,0,0,21:02,ÇİĞLİ,KIRSAL BÖLGE
665,2025-01-29 00:00:00,BİNA,OCAK ÜSTÜ YEMEK UNUTMA,BAŞLANGIÇTA SÖNDÜRÜLEN,BETONARME,0,0,0,0,0,0,0,0,0,0,0,00:03,0,0,0,21:36,ÇİĞLİ,KENT MERKEZİ
666,2025-01-29 00:00:00,BİNA,ŞÜPHELİ,BAŞLANGIÇTA SÖNDÜRÜLEN,BETONARME,0,0,0,0,0,0,0,0,0,0,0,00:05,0,0,0,22:53,BUCA,KENT MERKEZİ
667,2025-01-29 00:00:00,BİNA,AÇIK ATEŞ,BAŞLANGIÇTA SÖNDÜRÜLEN,BETONARME,0,0,0,0,0,0,0,0,0,0,0,00:03,0,1,0,22:55,KONAK,KENT MERKEZİ
668,2025-01-30 00:00:00,ÇÖP,AÇIK ATEŞ,BAŞLANGIÇTA SÖNDÜRÜLEN,,0,0,0,0,0,0,0,0,0,0,0,00:03,0,0.5,0,00:37,KARABAĞLAR,KENT MERKEZİ
669,2025-01-30 00:00:00,BİNA,SİGARA/KİBRİT,BAŞLANGIÇTA SÖNDÜRÜLEN,BETONARME,0,0,0,0,0,0,0,0,0,0,0,00:04,0,0.5,0,00:46,KARABAĞLAR,KENT MERKEZİ
670,2025-01-30 00:00:00,ÇÖP,AÇIK ATEŞ,BAŞLANGIÇTA SÖNDÜRÜLEN,,0,0,0,0,0,0,0,0,0,0,0,00:04,0,0.1,0,03:51,BORNOVA,KENT MERKEZİ
671,2025-01-30 00:00:00,FABRİKA/ATÖLYE/İMALATHANE,SİGARA/KİBRİT,BAŞLANGIÇTA SÖNDÜRÜLEN,BETONARME,0,0,0,0,0,0,0,0,0,0,0,00:05,0,4,0,07:33,BUCA,KENT MERKEZİ
672,2025-01-30 00:00:00,ÇÖP,SİGARA/KİBRİT,BAŞLANGIÇTA SÖNDÜRÜLEN,,0,0,0,0,0,0,0,0,0,0,0,00:02,0,0.5,0,10:21,KARABAĞLAR,KENT MERKEZİ
673,2025-01-30 00:00:00,OT,SİGARA/KİBRİT,BAŞLANGIÇTA SÖNDÜRÜLEN,,0,0,0,0,0,0,0,0,0,0,0,00:05,0,1,0,11:27,ÇİĞLİ,KIRSAL BÖLGE
674,2025-01-30 00:00:00,ARAÇ,ELEKT. KISA DEV./ELEKT. KONTAĞI,BAŞLANGIÇTA SÖNDÜRÜLEN,,0,0,0,0,0,0,0,0,0,0,0,00:05,0,0.3,0,11:36,TORBALI,KENT MERKEZİ
675,2025-01-30 00:00:00,OT,AÇIK ATEŞ,BAŞLANGIÇTA SÖNDÜRÜLEN,,0,0,0,0,0,0,0,0,0,0,0,00:10,0,0.1,0,13:16,URLA,KIRSAL BÖLGE
676,2025-01-30 00:00:00,BİNA,OCAK ÜSTÜ YEMEK UNUTMA,BAŞLANGIÇTA SÖNDÜRÜLEN,BETONARME,0,0,0,0,0,0,0,0,0,0,0,00:03,0,0.2,0,14:42,KONAK,KENT MERKEZİ
677,2025-01-30 00:00:00,ÇÖP,SİGARA/KİBRİT,BAŞLANGIÇTA SÖNDÜRÜLEN,,0,0,0,0,0,0,0,0,0,0,0,00:02,0,1.2,0,15:04,KONAK,KENT MERKEZİ
678,2025-01-30 00:00:00,ARAÇ,ELEKT. KISA DEV./ELEKT. KONTAĞI,KISMEN YANARAK KURTARILAN,,0,0,0,0,0,0,0,0,0,0,0,00:05,0,0.5,0,16:10,ÇİĞLİ,KENT MERKEZİ
679,2025-01-30 00:00:00,OT,AÇIK ATEŞ,BAŞLANGIÇTA SÖNDÜRÜLEN,,0,0,0,0,0,0,0,0,0,0,0,00:10,0,2,0,16:55,DİKİLİ,KIRSAL BÖLGE
680,2025-01-30 00:00:00,LASTİK,SİGARA/KİBRİT,BAŞLANGIÇTA SÖNDÜRÜLEN,,0,0,0,0,0,0,0,0,0,0,0,00:10,0,2,0,17:13,BERGAMA,KIRSAL BÖLGE
681,2025-01-30 00:00:00,BİNA,ELEKT. KISA DEV./ELEKT. KONTAĞI,BAŞLANGIÇTA SÖNDÜRÜLEN,BETONARME,0,0,0,0,0,0,0,0,0,0,0,00:04,0,0,0,17:29,BORNOVA,KENT MERKEZİ
682,2025-01-30 00:00:00,ÇÖP,SİGARA/KİBRİT,BAŞLANGIÇTA SÖNDÜRÜLEN,,0,0,0,0,0,0,0,0,0,0,0,00:05,0,1.5,0,17:40,BUCA,KENT MERKEZİ
683,2025-01-30 00:00:00,ÇÖP,AÇIK ATEŞ,BAŞLANGIÇTA SÖNDÜRÜLEN,,0,0,0,0,0,0,0,0,0,0,0,00:03,0,3.5,0,18:39,BERGAMA,KENT MERKEZİ
684,2025-01-30 00:00:00,ÇÖP,SİGARA/KİBRİT,BAŞLANGIÇTA SÖNDÜRÜLEN,,0,0,0,0,0,0,0,0,0,0,0,00:02,0,0.2,0,18:51,KONAK,KENT MERKEZİ
685,2025-01-30 00:00:00,ÇÖP,SİGARA/KİBRİT,BAŞLANGIÇTA SÖNDÜRÜLEN,,0,0,0,0,0,0,0,0,0,0,0,00:03,0,1,0,19:14,BORNOVA,KENT MERKEZİ
686,2025-01-30 00:00:00,ÇÖP,SİGARA/KİBRİT,BAŞLANGIÇTA SÖNDÜRÜLEN,,0,0,0,0,0,0,0,0,0,0,0,00:05,0,3,0,19:14,BUCA,KENT MERKEZİ
687,2025-01-30 00:00:00,BİNA,AÇIK ATEŞ,BAŞLANGIÇTA SÖNDÜRÜLEN,BETONARME,0,0,0,0,0,0,0,0,0,0,0,00:04,0,0,0,21:18,KARABAĞLAR,KENT MERKEZİ
688,2025-01-30 00:00:00,ÇÖP,SİGARA/KİBRİT,BAŞLANGIÇTA SÖNDÜRÜLEN,,0,0,0,0,0,0,0,0,0,0,0,00:05,0,0.3,0,21:35,ÇİĞLİ,KENT MERKEZİ
689,2025-01-30 00:00:00,ARAÇ,ISINMA/SÜRTÜNME,BAŞLANGIÇTA SÖNDÜRÜLEN,,0,0,0,0,0,0,0,0,0,0,0,00:07,0,0.5,0,22:13,MENEMEN,KENT MERKEZİ
690,2025-01-30 00:00:00,ÇÖP,SİGARA/KİBRİT,BAŞLANGIÇTA SÖNDÜRÜLEN,,0,0,0,0,0,0,0,0,0,0,0,00:06,0,1.5,0,22:27,TORBALI,KIRSAL BÖLGE
691,2025-01-30 00:00:00,BİNA,KIVILCIM(BACA),BAŞLANGIÇTA SÖNDÜRÜLEN,BETONARME,0,0,0,0,0,0,0,0,0,0,0,00:03,0,0.1,0,22:37,BORNOVA,KENT MERKEZİ
692,2025-01-30 00:00:00,FABRİKA/ATÖLYE/İMALATHANE,ELEKT. KISA DEV./ELEKT. KONTAĞI,BAŞLANGIÇTA SÖNDÜRÜLEN,BETONARME,0,0,0,0,0,0,0,0,0,0,0,00:05,0,0,6,23:23,ALİAĞA,KIRSAL BÖLGE
693,2025-01-31 00:00:00,ÇÖP,AÇIK ATEŞ,BAŞLANGIÇTA SÖNDÜRÜLEN,,0,0,0,0,0,0,0,0,0,0,0,00:05,0,1,0,01:20,BUCA,KENT MERKEZİ
694,2025-01-31 00:00:00,ARAÇ,PARLAMA (YAĞ/KİMYASAL MAD.),BAŞLANGIÇTA SÖNDÜRÜLEN,,0,0,0,0,0,0,0,0,0,0,0,00:03,0,1,0,06:47,BAYRAKLI,KENT MERKEZİ
695,2025-01-31 00:00:00,BİNA,ELEKT. KISA DEV./ELEKT. KONTAĞI,BAŞLANGIÇTA SÖNDÜRÜLEN,BETONARME,0,0,0,0,0,0,0,0,0,0,0,00:04,0,0,0,08:42,BUCA,KENT MERKEZİ
696,2025-01-31 00:00:00,ARAÇ,ELEKT. KISA DEV./ELEKT. KONTAĞI,BAŞLANGIÇTA SÖNDÜRÜLEN,,0,0,0,0,0,0,0,0,0,0,0,00:04,0,0,0,14:49,KARŞIYAKA,KENT MERKEZİ
697,2025-01-31 00:00:00,ARAÇ,PARLAMA (AKARYAKIT MADDESİ),BAŞLANGIÇTA SÖNDÜRÜLEN,,0,0,0,0,0,0,0,0,0,0,0,00:11,0,0,0,16:31,BORNOVA,KIRSAL BÖLGE
698,2025-01-31 00:00:00,ARAÇ,ELEKT. KISA DEV./ELEKT. KONTAĞI,BAŞLANGIÇTA SÖNDÜRÜLEN,,0,0,0,0,0,0,0,0,0,0,0,00:04,0,0.2,0,16:57,KARABAĞLAR,KENT MERKEZİ
699,2025-01-31 00:00:00,İŞYERİ,KIVILCIM(BACA),BAŞLANGIÇTA SÖNDÜRÜLEN,BETONARME,0,0,0,0,0,0,0,0,0,0,0,00:03,0,0.2,0,17:32,ALİAĞA,KENT MERKEZİ
700,2025-01-31 00:00:00,ÇÖP,SİGARA/KİBRİT,BAŞLANGIÇTA SÖNDÜRÜLEN,,0,0,0,0,0,0,0,0,0,0,0,00:08,0,10,0,17:34,KEMALPAŞA,KIRSAL BÖLGE
701,2025-01-31 00:00:00,BİNA,ELEKT. KISA DEV./ELEKT. KONTAĞI,BAŞLANGIÇTA SÖNDÜRÜLEN,BETONARME,0,0,0,0,0,0,0,0,0,0,0,00:04,200,5,0,18:40,KONAK,KENT MERKEZİ
702,2025-01-31 00:00:00,ÇÖP,SİGARA/KİBRİT,BAŞLANGIÇTA SÖNDÜRÜLEN,,0,0,0,0,0,0,0,0,0,0,0,00:05,0,1,0,18:42,BORNOVA,KENT MERKEZİ
703,2025-01-31 00:00:00,ÇÖP,SİGARA/KİBRİT,BAŞLANGIÇTA SÖNDÜRÜLEN,,0,0,0,0,0,0,0,0,0,0,0,00:05,0,0.5,0,20:16,BALÇOVA,KENT MERKEZİ
704,2025-01-31 00:00:00,ÇÖP,SİGARA/KİBRİT,BAŞLANGIÇTA SÖNDÜRÜLEN,,0,0,0,0,0,0,0,0,0,0,0,00:04,0,0.1,0,21:39,KONAK,KENT MERKEZİ
705,2025-01-31 00:00:00,ÇÖP,AÇIK ATEŞ,BAŞLANGIÇTA SÖNDÜRÜLEN,,0,0,0,0,0,0,0,0,0,0,0,00:03,0,2,0,21:46,MENEMEN,KENT MERKEZİ
706,2025-01-31 00:00:00,BİNA,SİGARA/KİBRİT,BAŞLANGIÇTA SÖNDÜRÜLEN,BETONARME,0,0,0,0,0,0,0,0,0,0,0,00:03,0,0.1,0,21:46,KONAK,KENT MERKEZİ
707,2025-01-31 00:00:00,BİNA,OCAK ÜSTÜ YEMEK UNUTMA,BAŞLANGIÇTA SÖNDÜRÜLEN,BETONARME,0,0,0,0,0,0,0,0,0,0,0,00:03,0,0,0,22:21,KARABAĞLAR,KENT MERKEZİ
708,2025-01-31 00:00:00,BİNA,OCAK/SOBA/KALORİFER KAZANI,BAŞLANGIÇTA SÖNDÜRÜLEN,BETONARME,0,0,0,0,0,0,0,0,0,0,0,00:06,0,0.2,0,22:28,KONAK,KENT MERKEZİ
709,2025-01-31 00:00:00,ÇÖP,SİGARA/KİBRİT,BAŞLANGIÇTA SÖNDÜRÜLEN,,0,0,0,0,0,0,0,0,0,0,0,00:02,0,0.1,0,23:28,BUCA,KENT MERKEZİ
710,2025-01-31 00:00:00,BİNA,ELEKT. KISA DEV./ELEKT. KONTAĞI,BAŞLANGIÇTA SÖNDÜRÜLEN,BETONARME,0,0,0,0,0,0,0,0,0,0,0,00:05,0,0.3,0,23:31,BAYRAKLI,KENT MERKEZİ
