YANGIN_TURU,YANGIN_SEBEBI,YANGIN_SONUCU,YAPI_SEKLI,VARIS_SURESI,KULLANILAN_KOPUK_MIKTARI,KULLANILAN_SU_MIKTARI,KULLANILAN_KURU_KIMYEVI_TOZ_MIKTARI,EKIPLERIN_CIKIS_SAATI,ILCE,ADRES_BOLGESI,TOTAL_VEFAT,TOTAL_YARALI,TOTAL_HAYVAN_VEFAT
BİNA,ELEKT. KISA DEV./ELEKT. KONTAĞI,BAŞLANGIÇTA SÖNDÜRÜLEN,BAĞDADİ(TAŞ YAPI),7,0.0,10.0,0.0,47.5,TİRE,KIRSAL BÖLGE,0,0,0
OT,SİGARA/KİBRİT,BAŞLANGIÇTA SÖNDÜRÜLEN,YAPI_DEGIL,3,0.0,0.3,0.0,90.0,KARABAĞLAR,KENT MERKEZİ,0,0,0
BİNA,SİGARA/KİBRİT,BAŞLANGIÇTA SÖNDÜRÜLEN,BAĞDADİ(TAŞ YAPI),3,0.0,2.0,0.0,92.5,BAYINDIR,KENT MERKEZİ,0,0,0
GEMİ/TEKNE,LPG/DOĞALGAZ,BAŞLANGIÇTA SÖNDÜRÜLEN,YAPI_DEGIL,2,0.0,0.0,0.0,252.49999999999997,FOÇA,KIRSAL BÖLGE,0,2,0
ÇÖP,AÇIK ATEŞ,BAŞLANGIÇTA SÖNDÜRÜLEN,YAPI_DEGIL,3,0.0,0.4,0.0,637.5,KARŞIYAKA,KENT MERKEZİ,0,0,0
ÇÖP,SİGARA/KİBRİT,BAŞLANGIÇTA SÖNDÜRÜLEN,YAPI_DEGIL,4,0.0,0.2,0.0,1457.5,KARŞIYAKA,KENT MERKEZİ,0,0,0
ÇÖP,SİGARA/KİBRİT,BAŞLANGIÇTA SÖNDÜRÜLEN,YAPI_DEGIL,8,0.0,1.0,0.0,1792.5,FOÇA,KIRSAL BÖLGE,0,0,0
BİNA,ÇOCUKLARIN ATEŞLE OYNAMASI,BAŞLANGIÇTA SÖNDÜRÜLEN,BETONARME,5,0.0,0.0,0.0,1867.5,KARŞIYAKA,KENT MERKEZİ,0,0,0
İŞYERİ,ELEKT. KISA DEV./ELEKT. KONTAĞI,BAŞLANGIÇTA SÖNDÜRÜLEN,BETONARME,2,0.0,0.0,0.0,2100.0,DİKİLİ,KIRSAL BÖLGE,0,0,0
ÇÖP,SİGARA/KİBRİT,BAŞLANGIÇTA SÖNDÜRÜLEN,YAPI_DEGIL,5,0.0,0.3,0.0,2155.0,ÇEŞME,KENT MERKEZİ,0,0,0
BİNA,KASIT,BAŞLANGIÇTA SÖNDÜRÜLEN,BETONARME,3,0.0,0.0,0.0,2172.5,BORNOVA,KENT MERKEZİ,0,0,0
ODUNLUK/KÖMÜRLÜK,İHMAL/DİKKATSİZLİK,BAŞLANGIÇTA SÖNDÜRÜLEN,BETONARME,4,0.0,0.3,0.0,2262.5,BAYRAKLI,KENT MERKEZİ,0,0,0
BİNA,ELEKT. KISA DEV./ELEKT. KONTAĞI,BAŞLANGIÇTA SÖNDÜRÜLEN,BETONARME,5,0.0,0.0,0.0,2305.0,BUCA,KENT MERKEZİ,0,0,0
ÇÖP,SİGARA/KİBRİT,BAŞLANGIÇTA SÖNDÜRÜLEN,YAPI_DEGIL,4,0.0,2.0,0.0,2317.5,BUCA,KENT MERKEZİ,0,0,0
OT,SİGARA/KİBRİT,BAŞLANGIÇTA SÖNDÜRÜLEN,YAPI_DEGIL,3,0.0,0.0,0.0,2345.0,KARŞIYAKA,KENT MERKEZİ,0,0,0
ARAÇ,ELEKT. KISA DEV./ELEKT. KONTAĞI,KISMEN YANARAK KURTARILAN,YAPI_DEGIL,4,0.0,1.0,0.0,2397.5,GAZİEMİR,KENT MERKEZİ,0,0,0
BİNA,ELEKT. KISA DEV./ELEKT. KONTAĞI,BAŞLANGIÇTA SÖNDÜRÜLEN,BETONARME,5,0.0,0.2,0.0,2405.0,BORNOVA,KENT MERKEZİ,0,0,0
MOTOSİKLET,ELEKT. KISA DEV./ELEKT. KONTAĞI,KISMEN YANARAK KURTARILAN,YAPI_DEGIL,5,0.0,1.0,0.0,2440.0,FOÇA,KENT MERKEZİ,0,0,0
ARAÇ,PARLAMA (AKARYAKIT MADDESİ),KISMEN YANARAK KURTARILAN,YAPI_DEGIL,4,0.0,0.1,0.0,2497.5,ALİAĞA,KENT MERKEZİ,0,0,0
ÇÖP,AÇIK ATEŞ,BAŞLANGIÇTA SÖNDÜRÜLEN,YAPI_DEGIL,5,0.0,0.3,0.0,2775.0,SELÇUK,KENT MERKEZİ,0,0,0
ÇÖP,SİGARA/KİBRİT,BAŞLANGIÇTA SÖNDÜRÜLEN,YAPI_DEGIL,3,0.0,0.05,0.0,2790.0,FOÇA,KIRSAL BÖLGE,0,0,0
ÇÖP,SİGARA/KİBRİT,BAŞLANGIÇTA SÖNDÜRÜLEN,YAPI_DEGIL,5,0.0,1.0,0.0,2890.0,BORNOVA,KENT MERKEZİ,0,0,0
ÇÖP,SİGARA/KİBRİT,BAŞLANGIÇTA SÖNDÜRÜLEN,YAPI_DEGIL,5,0.0,0.05,0.0,2895.0,FOÇA,KIRSAL BÖLGE,0,0,0
ARAÇ,ELEKT. KISA DEV./ELEKT. KONTAĞI,BAŞLANGIÇTA SÖNDÜRÜLEN,YAPI_DEGIL,16,0.0,0.0,0.0,3017.5,URLA,KIRSAL BÖLGE,0,0,0
ÇÖP,AÇIK ATEŞ,BAŞLANGIÇTA SÖNDÜRÜLEN,YAPI_DEGIL,7,0.0,0.1,0.0,3070.0,URLA,KIRSAL BÖLGE,0,0,0
İŞYERİ,ELEKT. KISA DEV./ELEKT. KONTAĞI,BAŞLANGIÇTA SÖNDÜRÜLEN,BETONARME,10,0.0,0.8,0.0,3500.0,BAYINDIR,KIRSAL BÖLGE,0,0,0
MOTOSİKLET,ELEKT. KISA DEV./ELEKT. KONTAĞI,TAMAMEN YANAN,YAPI_DEGIL,10,0.0,0.0,0.0,3510.0,KEMALPAŞA,KENT MERKEZİ,0,0,0
ÇÖP,AÇIK ATEŞ,BAŞLANGIÇTA SÖNDÜRÜLEN,YAPI_DEGIL,2,0.0,1.0,0.0,40.0,KARABAĞLAR,KENT MERKEZİ,0,0,0
ÇÖP,AÇIK ATEŞ,BAŞLANGIÇTA SÖNDÜRÜLEN,YAPI_DEGIL,8,0.0,2.0,0.0,67.5,ALİAĞA,KIRSAL BÖLGE,0,0,0
ÇÖP,SİGARA/KİBRİT,BAŞLANGIÇTA SÖNDÜRÜLEN,YAPI_DEGIL,2,0.0,1.0,0.0,150.0,BORNOVA,KENT MERKEZİ,0,0,0
ARAÇ,ELEKT. KISA DEV./ELEKT. KONTAĞI,KISMEN YANARAK KURTARILAN,YAPI_DEGIL,4,0.0,1.0,12.0,1242.5,BUCA,KENT MERKEZİ,0,0,0
ÇÖP,SİGARA/KİBRİT,BAŞLANGIÇTA SÖNDÜRÜLEN,YAPI_DEGIL,3,0.0,0.1,0.0,1405.0,KONAK,KENT MERKEZİ,0,0,0
BAĞ/BAHÇE,KIVILCIM(DİĞER),BAŞLANGIÇTA SÖNDÜRÜLEN,YAPI_DEGIL,3,0.05,6.0,0.0,1482.5,BORNOVA,KENT MERKEZİ,0,0,0
KABLO/DİREK-ELEKT/TEL VB,ELEKT. KISA DEV./ELEKT. KONTAĞI,BAŞLANGIÇTA SÖNDÜRÜLEN,YAPI_DEGIL,10,0.0,0.1,0.0,1565.0,MENDERES,KIRSAL BÖLGE,0,0,0
BİNA,ELEKT. KISA DEV./ELEKT. KONTAĞI,BAŞLANGIÇTA SÖNDÜRÜLEN,BETONARME,5,0.0,0.0,0.0,1652.5,KARABAĞLAR,KENT MERKEZİ,0,0,0
BİNA,ELEKT. KISA DEV./ELEKT. KONTAĞI,BAŞLANGIÇTA SÖNDÜRÜLEN,BETONARME,5,0.0,0.0,0.0,1687.5,KARABAĞLAR,KENT MERKEZİ,0,0,0
BİNA,ELEKT. KISA DEV./ELEKT. KONTAĞI,BAŞLANGIÇTA SÖNDÜRÜLEN,ÇELİK,4,0.0,8.0,0.0,1695.0,GAZİEMİR,KENT MERKEZİ,0,0,13
PARK,AÇIK ATEŞ,BAŞLANGIÇTA SÖNDÜRÜLEN,YAPI_DEGIL,5,0.0,0.1,0.0,1697.5,MENEMEN,KENT MERKEZİ,0,0,0
İŞYERİ,KIVILCIM(BACA),BAŞLANGIÇTA SÖNDÜRÜLEN,BETONARME,8,0.0,1.0,0.0,1715.0,GAZİEMİR,KENT MERKEZİ,0,0,0
BİNA,ELEKT. KISA DEV./ELEKT. KONTAĞI,BAŞLANGIÇTA SÖNDÜRÜLEN,BETONARME,3,0.0,1.5,0.0,1750.0,ALİAĞA,KENT MERKEZİ,0,0,0
BİNA,KONDÜKSİYON (TEMAS İLE ISI TRANSFERİ),BAŞLANGIÇTA SÖNDÜRÜLEN,BETONARME,7,0.0,5.0,0.0,1760.0,BORNOVA,KIRSAL BÖLGE,0,0,0
ARAÇ,ELEKT. KISA DEV./ELEKT. KONTAĞI,BAŞLANGIÇTA SÖNDÜRÜLEN,YAPI_DEGIL,6,0.0,1.0,0.0,1815.0,KARABAĞLAR,KENT MERKEZİ,0,0,0
BİNA,SİGARA/KİBRİT,BAŞLANGIÇTA SÖNDÜRÜLEN,BETONARME,3,0.0,0.6,0.0,1937.4999999999998,KARABAĞLAR,KENT MERKEZİ,0,0,0
ARAÇ,ISINMA/SÜRTÜNME,KISMEN YANARAK KURTARILAN,YAPI_DEGIL,5,0.0,15.0,0.0,2007.5000000000002,BAYRAKLI,KENT MERKEZİ,0,0,0
BİNA,ELEKT. KISA DEV./ELEKT. KONTAĞI,BAŞLANGIÇTA SÖNDÜRÜLEN,BETONARME,3,0.0,0.0,0.0,2010.0,KONAK,KENT MERKEZİ,0,0,0
ÇÖP,SİGARA/KİBRİT,BAŞLANGIÇTA SÖNDÜRÜLEN,YAPI_DEGIL,6,0.0,1.0,0.0,2050.0,BUCA,KENT MERKEZİ,0,0,0
ARAÇ,ELEKT. KISA DEV./ELEKT. KONTAĞI,BAŞLANGIÇTA SÖNDÜRÜLEN,YAPI_DEGIL,5,0.0,0.0,0.0,2150.0,BAYRAKLI,KENT MERKEZİ,0,0,0
BİNA,ELEKT. KISA DEV./ELEKT. KONTAĞI,BAŞLANGIÇTA SÖNDÜRÜLEN,BETONARME,5,0.0,0.2,0.0,2442.5,KONAK,KENT MERKEZİ,0,0,0
ARAÇ,ELEKT. KISA DEV./ELEKT. KONTAĞI,BAŞLANGIÇTA SÖNDÜRÜLEN,YAPI_DEGIL,2,0.0,0.0,0.0,2527.5,GÜZELBAHÇE,KENT MERKEZİ,0,0,0
BİNA,KIVILCIM(BACA),BAŞLANGIÇTA SÖNDÜRÜLEN,BAĞDADİ(TAŞ YAPI),6,0.0,15.0,0.0,2675.0,ÖDEMİŞ,KENT MERKEZİ,0,0,0
BİNA,KIVILCIM(DİĞER),BAŞLANGIÇTA SÖNDÜRÜLEN,BETONARME,5,0.0,5.0,0.0,2675.0,BAYRAKLI,KENT MERKEZİ,0,0,0
BİNA,ELEKT. KISA DEV./ELEKT. KONTAĞI,BAŞLANGIÇTA SÖNDÜRÜLEN,BETONARME,6,0.0,0.0,0.0,2997.5,MENDERES,KENT MERKEZİ,0,0,0
BİNA,SİGARA/KİBRİT,BAŞLANGIÇTA SÖNDÜRÜLEN,BETONARME,3,0.0,1.0,0.0,3072.5,KONAK,KENT MERKEZİ,0,0,0
BİNA,ELEKT. KISA DEV./ELEKT. KONTAĞI,BAŞLANGIÇTA SÖNDÜRÜLEN,BETONARME,3,0.0,0.0,0.0,3180.0,KONAK,KENT MERKEZİ,0,0,0
ÇÖP,SİGARA/KİBRİT,BAŞLANGIÇTA SÖNDÜRÜLEN,YAPI_DEGIL,5,0.0,0.0,0.0,3242.5,BORNOVA,KENT MERKEZİ,0,0,0
ÇÖP,SİGARA/KİBRİT,BAŞLANGIÇTA SÖNDÜRÜLEN,YAPI_DEGIL,5,0.0,1.0,0.0,3305.0,BUCA,KENT MERKEZİ,0,0,0
İŞYERİ,PARLAMA (YAĞ/KİMYASAL MAD.),BAŞLANGIÇTA SÖNDÜRÜLEN,BETONARME,4,0.0,0.0,0.0,3317.5,BUCA,KENT MERKEZİ,0,0,0
ÇÖP,AÇIK ATEŞ,BAŞLANGIÇTA SÖNDÜRÜLEN,YAPI_DEGIL,4,0.0,0.3,0.0,3335.0,ÇİĞLİ,KENT MERKEZİ,0,0,0
ÇÖP,AÇIK ATEŞ,BAŞLANGIÇTA SÖNDÜRÜLEN,YAPI_DEGIL,5,0.0,1.8,0.0,255.0,BUCA,KENT MERKEZİ,0,0,0
FABRİKA/ATÖLYE/İMALATHANE,ELEKT. KISA DEV./ELEKT. KONTAĞI,BAŞLANGIÇTA SÖNDÜRÜLEN,BETONARME,5,0.0,5.0,0.0,362.5,ALİAĞA,KIRSAL BÖLGE,0,0,0
BİNA,ELEKT. KISA DEV./ELEKT. KONTAĞI,BAŞLANGIÇTA SÖNDÜRÜLEN,BETONARME,4,0.0,2.0,0.0,420.0,BAYRAKLI,KENT MERKEZİ,0,1,0
BİNA,ELEKT. KISA DEV./ELEKT. KONTAĞI,BAŞLANGIÇTA SÖNDÜRÜLEN,BETONARME,3,0.0,2.0,0.0,687.5,KARABAĞLAR,KENT MERKEZİ,0,0,0
KERESTE/PALET VB,SİGARA/KİBRİT,BAŞLANGIÇTA SÖNDÜRÜLEN,YAPI_DEGIL,5,0.0,19.0,0.0,912.5,BUCA,KENT MERKEZİ,0,0,0
BİNA,AÇIK ATEŞ,BAŞLANGIÇTA SÖNDÜRÜLEN,BETONARME,2,0.0,3.0,0.0,1112.5,KONAK,KENT MERKEZİ,0,0,0
ARAÇ,ELEKT. KISA DEV./ELEKT. KONTAĞI,BAŞLANGIÇTA SÖNDÜRÜLEN,YAPI_DEGIL,4,0.0,0.0,0.0,1362.5,ÇİĞLİ,KENT MERKEZİ,0,0,0
BİNA,ÇOCUKLARIN ATEŞLE OYNAMASI,BAŞLANGIÇTA SÖNDÜRÜLEN,BETONARME,5,0.0,0.1,0.0,1395.0,BAYRAKLI,KENT MERKEZİ,0,0,0
BİNA,SİGARA/KİBRİT,BAŞLANGIÇTA SÖNDÜRÜLEN,BETONARME,5,0.0,1.75,0.0,1545.0,KONAK,KENT MERKEZİ,0,0,0
OT,AÇIK ATEŞ,BAŞLANGIÇTA SÖNDÜRÜLEN,YAPI_DEGIL,5,0.0,0.1,0.0,1652.5,SEFERİHİSAR,KIRSAL BÖLGE,0,0,0
ÇÖP,SİGARA/KİBRİT,BAŞLANGIÇTA SÖNDÜRÜLEN,YAPI_DEGIL,4,0.0,24.0,0.0,1692.5,BUCA,KENT MERKEZİ,0,0,0
ARAÇ,ISINMA/SÜRTÜNME,BAŞLANGIÇTA SÖNDÜRÜLEN,YAPI_DEGIL,3,0.0,0.5,0.0,1942.5,GÜZELBAHÇE,KENT MERKEZİ,0,0,0
KABLO/DİREK-ELEKT/TEL VB,ELEKT. KISA DEV./ELEKT. KONTAĞI,BAŞLANGIÇTA SÖNDÜRÜLEN,YAPI_DEGIL,2,0.0,0.0,1.0,2107.5,BORNOVA,KENT MERKEZİ,0,0,0
ÇÖP,SİGARA/KİBRİT,BAŞLANGIÇTA SÖNDÜRÜLEN,YAPI_DEGIL,1,0.0,0.5,0.0,2167.5,FOÇA,KENT MERKEZİ,0,0,0
ÇÖP,SİGARA/KİBRİT,BAŞLANGIÇTA SÖNDÜRÜLEN,YAPI_DEGIL,4,0.0,0.4,0.0,2192.5,BUCA,KENT MERKEZİ,0,0,0
ÇÖP,SİGARA/KİBRİT,BAŞLANGIÇTA SÖNDÜRÜLEN,YAPI_DEGIL,4,0.0,0.5,0.0,2362.5,KARABAĞLAR,KENT MERKEZİ,0,0,0
BİNA,KIVILCIM(BACA),BAŞLANGIÇTA SÖNDÜRÜLEN,BETONARME,4,6.0,0.0,0.0,2395.0,ÖDEMİŞ,KENT MERKEZİ,0,0,0
OT,SİGARA/KİBRİT,BAŞLANGIÇTA SÖNDÜRÜLEN,YAPI_DEGIL,6,0.0,2.0,0.0,2447.5,ALİAĞA,KIRSAL BÖLGE,0,0,0
ÇÖP,AÇIK ATEŞ,BAŞLANGIÇTA SÖNDÜRÜLEN,YAPI_DEGIL,4,0.0,0.5,0.0,2567.5,DİKİLİ,KENT MERKEZİ,0,0,0
BİNA,KASIT,BAŞLANGIÇTA SÖNDÜRÜLEN,BETONARME,1,0.0,1.0,0.0,2582.5,KARABAĞLAR,KENT MERKEZİ,0,1,0
ÇÖP,AÇIK ATEŞ,BAŞLANGIÇTA SÖNDÜRÜLEN,YAPI_DEGIL,2,0.0,1.0,0.0,2645.0,BORNOVA,KENT MERKEZİ,0,0,0
BİNA,PARLAMA (YAĞ/KİMYASAL MAD.),BAŞLANGIÇTA SÖNDÜRÜLEN,BETONARME,4,0.0,0.1,0.0,2885.0,BORNOVA,KENT MERKEZİ,0,0,0
BİNA,ELEKT. KISA DEV./ELEKT. KONTAĞI,TAMAMEN YANAN,PREFABRİK,10,0.0,20.0,0.0,3030.0,ÖDEMİŞ,KIRSAL BÖLGE,0,0,0
BİNA,PARLAMA (YAĞ/KİMYASAL MAD.),BAŞLANGIÇTA SÖNDÜRÜLEN,BETONARME,5,0.0,0.0,0.0,3050.0,KARŞIYAKA,KENT MERKEZİ,0,0,0
BİNA,KIVILCIM(BACA),BAŞLANGIÇTA SÖNDÜRÜLEN,BETONARME,2,0.0,0.3,0.0,3100.0,KARABAĞLAR,KENT MERKEZİ,0,0,0
ÇÖP,SİGARA/KİBRİT,BAŞLANGIÇTA SÖNDÜRÜLEN,YAPI_DEGIL,4,0.0,1.0,0.0,3145.0,ÇİĞLİ,KENT MERKEZİ,0,0,0
ARAÇ,PARLAMA (AKARYAKIT MADDESİ),BAŞLANGIÇTA SÖNDÜRÜLEN,YAPI_DEGIL,5,0.0,1.0,0.0,3155.0,BUCA,KENT MERKEZİ,0,0,0
ÇÖP,AÇIK ATEŞ,BAŞLANGIÇTA SÖNDÜRÜLEN,YAPI_DEGIL,4,0.0,0.1,0.0,3397.5,BUCA,KENT MERKEZİ,0,0,0
ÇÖP,SİGARA/KİBRİT,BAŞLANGIÇTA SÖNDÜRÜLEN,YAPI_DEGIL,5,0.0,1.0,0.0,430.0,BUCA,KENT MERKEZİ,0,0,0
BİNA,ELEKT. KISA DEV./ELEKT. KONTAĞI,BAŞLANGIÇTA SÖNDÜRÜLEN,BETONARME,4,0.0,0.5,0.0,770.0,BUCA,KENT MERKEZİ,0,0,0
ARAÇ,ISINMA/SÜRTÜNME,BAŞLANGIÇTA SÖNDÜRÜLEN,YAPI_DEGIL,6,0.0,0.5,0.0,1222.5,NARLIDERE,KENT MERKEZİ,0,0,0
ARAÇ,KAZA SONUCU,TAMAMEN YANAN,YAPI_DEGIL,15,0.0,5.0,0.0,1282.5,MENDERES,KIRSAL BÖLGE,1,3,0
İŞYERİ,ELEKT. KISA DEV./ELEKT. KONTAĞI,BAŞLANGIÇTA SÖNDÜRÜLEN,BETONARME,7,0.0,0.0,0.0,1480.0,MENDERES,KIRSAL BÖLGE,0,0,0
BARAKA/KULÜBE/YAŞAM KONTEYNERİ,ELEKT. KISA DEV./ELEKT. KONTAĞI,TAMAMEN YANAN,DİĞER,8,0.0,2.0,0.0,1620.0,MENDERES,KIRSAL BÖLGE,0,0,80
ARAÇ,ELEKT. KISA DEV./ELEKT. KONTAĞI,KISMEN YANARAK KURTARILAN,YAPI_DEGIL,7,0.0,0.5,0.0,2050.0,TORBALI,KIRSAL BÖLGE,0,0,0
BİNA,ELEKT. KISA DEV./ELEKT. KONTAĞI,BAŞLANGIÇTA SÖNDÜRÜLEN,BETONARME,5,0.0,0.0,0.0,2185.0,ÇİĞLİ,KENT MERKEZİ,0,0,0
BARAKA/KULÜBE/YAŞAM KONTEYNERİ,ELEKT. KISA DEV./ELEKT. KONTAĞI,TAMAMEN YANAN,DİĞER,5,200.0,8.0,0.0,2210.0,BERGAMA,KIRSAL BÖLGE,0,0,0
BİNA,KIVILCIM(DİĞER),BAŞLANGIÇTA SÖNDÜRÜLEN,ÇELİK,5,0.0,1.0,0.0,2462.5,KARŞIYAKA,KENT MERKEZİ,0,0,0
BİNA,KONDÜKSİYON (TEMAS İLE ISI TRANSFERİ),BAŞLANGIÇTA SÖNDÜRÜLEN,BETONARME,2,0.0,3.0,0.0,2467.5,BORNOVA,KENT MERKEZİ,0,0,0
ARAÇ,PARLAMA (AKARYAKIT MADDESİ),BAŞLANGIÇTA SÖNDÜRÜLEN,YAPI_DEGIL,1,0.0,0.1,0.0,2560.0,TORBALI,KENT MERKEZİ,0,0,0
ARAÇ,ELEKT. KISA DEV./ELEKT. KONTAĞI,TAMAMEN YANAN,YAPI_DEGIL,4,50.0,8.0,0.0,2562.5,SEFERİHİSAR,KENT MERKEZİ,0,0,0
İŞYERİ,KIVILCIM(BACA),BAŞLANGIÇTA SÖNDÜRÜLEN,BETONARME,4,0.0,0.1,0.0,2725.0,KARŞIYAKA,KENT MERKEZİ,0,0,0
ÇÖP,AÇIK ATEŞ,BAŞLANGIÇTA SÖNDÜRÜLEN,YAPI_DEGIL,11,0.0,0.6,0.0,2817.5,URLA,KIRSAL BÖLGE,0,0,0
BİNA,ŞÜPHELİ,BAŞLANGIÇTA SÖNDÜRÜLEN,BETONARME,3,0.0,1.2,0.0,3052.5,KONAK,KENT MERKEZİ,0,0,0
BİNA,AÇIK ATEŞ,BAŞLANGIÇTA SÖNDÜRÜLEN,BETONARME,5,0.0,3.0,0.0,3300.0,BORNOVA,KENT MERKEZİ,0,0,0
BİNA,ŞÜPHELİ,KISMEN YANARAK KURTARILAN,BETONARME,7,200.0,10.0,0.0,22.5,BERGAMA,KIRSAL BÖLGE,0,0,0
ÇÖP,SİGARA/KİBRİT,BAŞLANGIÇTA SÖNDÜRÜLEN,YAPI_DEGIL,3,0.0,0.5,0.0,165.0,BUCA,KENT MERKEZİ,0,0,0
BİNA,ŞÜPHELİ,BAŞLANGIÇTA SÖNDÜRÜLEN,BETONARME,5,0.0,0.0,0.0,252.49999999999997,ÖDEMİŞ,KENT MERKEZİ,0,0,0
BİNA,OCAK ÜSTÜ YEMEK UNUTMA,BAŞLANGIÇTA SÖNDÜRÜLEN,BETONARME,4,0.0,0.5,0.0,550.0,KONAK,KENT MERKEZİ,0,0,0
BİNA,ELEKT. KISA DEV./ELEKT. KONTAĞI,BAŞLANGIÇTA SÖNDÜRÜLEN,BETONARME,5,0.0,0.5,0.0,1397.5,KONAK,KENT MERKEZİ,0,0,0
ÇÖP,AÇIK ATEŞ,BAŞLANGIÇTA SÖNDÜRÜLEN,YAPI_DEGIL,3,0.0,0.2,0.0,1412.5,GAZİEMİR,KENT MERKEZİ,0,0,0
BİNA,ELEKT. KISA DEV./ELEKT. KONTAĞI,BAŞLANGIÇTA SÖNDÜRÜLEN,PREFABRİK,12,0.0,0.0,0.0,1852.5,BAYINDIR,KIRSAL BÖLGE,0,0,0
ÇÖP,AÇIK ATEŞ,BAŞLANGIÇTA SÖNDÜRÜLEN,YAPI_DEGIL,13,0.0,3.0,0.0,2210.0,URLA,KIRSAL BÖLGE,0,0,0
OT,AÇIK ATEŞ,BAŞLANGIÇTA SÖNDÜRÜLEN,YAPI_DEGIL,5,0.0,0.5,0.0,2305.0,BERGAMA,KENT MERKEZİ,0,0,0
BİNA,SİGARA/KİBRİT,BAŞLANGIÇTA SÖNDÜRÜLEN,BAĞDADİ(TAŞ YAPI),4,0.0,2.0,0.0,2332.5,SELÇUK,KENT MERKEZİ,0,0,0
BİNA,ELEKT. KISA DEV./ELEKT. KONTAĞI,BAŞLANGIÇTA SÖNDÜRÜLEN,BETONARME,11,0.0,0.0,0.0,2355.0,BAYINDIR,KIRSAL BÖLGE,0,0,0
OT,AÇIK ATEŞ,BAŞLANGIÇTA SÖNDÜRÜLEN,YAPI_DEGIL,5,0.0,2.0,0.0,2450.0,MENEMEN,KENT MERKEZİ,0,0,0
BİNA,ELEKT. KISA DEV./ELEKT. KONTAĞI,BAŞLANGIÇTA SÖNDÜRÜLEN,BETONARME,6,0.0,20.0,0.0,2502.5,ALİAĞA,KENT MERKEZİ,0,0,0
ÇÖP,AÇIK ATEŞ,BAŞLANGIÇTA SÖNDÜRÜLEN,YAPI_DEGIL,8,0.0,0.5,0.0,2667.5,KINIK,KENT MERKEZİ,0,0,0
TRAFO,ELEKT. KISA DEV./ELEKT. KONTAĞI,BAŞLANGIÇTA SÖNDÜRÜLEN,YAPI_DEGIL,3,0.0,0.0,6.0,2707.5,KARABAĞLAR,KENT MERKEZİ,0,0,0
ÇÖP,AÇIK ATEŞ,BAŞLANGIÇTA SÖNDÜRÜLEN,YAPI_DEGIL,7,0.0,0.5,0.0,2770.0,BAYRAKLI,KENT MERKEZİ,0,0,0
BİNA,LPG/DOĞALGAZ,BAŞLANGIÇTA SÖNDÜRÜLEN,BETONARME,9,0.0,0.0,0.0,2827.5,SEFERİHİSAR,KIRSAL BÖLGE,0,0,0
ÇÖP,AÇIK ATEŞ,BAŞLANGIÇTA SÖNDÜRÜLEN,YAPI_DEGIL,4,0.0,0.1,0.0,2912.5,ÖDEMİŞ,KENT MERKEZİ,0,0,0
ÇÖP,SİGARA/KİBRİT,BAŞLANGIÇTA SÖNDÜRÜLEN,YAPI_DEGIL,6,0.0,0.5,0.0,2920.0,BORNOVA,KENT MERKEZİ,0,0,0
ARAÇ,KIVILCIM(DİĞER),TAMAMEN YANAN,YAPI_DEGIL,6,0.0,2.0,0.0,2952.5,BALÇOVA,KENT MERKEZİ,0,0,0
ÇÖP,SİGARA/KİBRİT,BAŞLANGIÇTA SÖNDÜRÜLEN,YAPI_DEGIL,3,0.0,0.3,0.0,2970.0,TİRE,KENT MERKEZİ,0,0,0
LASTİK,AÇIK ATEŞ,BAŞLANGIÇTA SÖNDÜRÜLEN,YAPI_DEGIL,3,50.0,5.0,0.0,3055.0,SELÇUK,KENT MERKEZİ,0,0,0
BARAKA/KULÜBE/YAŞAM KONTEYNERİ,KIVILCIM(DİĞER),BAŞLANGIÇTA SÖNDÜRÜLEN,AHŞAP,17,0.0,1.0,0.0,3205.0,MENDERES,KIRSAL BÖLGE,0,0,0
BİNA,ELEKT. KISA DEV./ELEKT. KONTAĞI,BAŞLANGIÇTA SÖNDÜRÜLEN,BETONARME,5,0.0,0.25,0.0,3255.0,ÇEŞME,KENT MERKEZİ,0,0,0
ÇÖP,SİGARA/KİBRİT,BAŞLANGIÇTA SÖNDÜRÜLEN,YAPI_DEGIL,3,0.0,0.2,0.0,3440.0,BUCA,KENT MERKEZİ,0,0,0
KABLO/DİREK-ELEKT/TEL VB,ELEKT. KISA DEV./ELEKT. KONTAĞI,BAŞLANGIÇTA SÖNDÜRÜLEN,YAPI_DEGIL,5,0.0,0.0,0.0,3442.5,MENEMEN,KENT MERKEZİ,0,0,0
MOTOSİKLET,ŞÜPHELİ,KISMEN YANARAK KURTARILAN,YAPI_DEGIL,5,0.0,3.0,0.0,62.50000000000001,KARŞIYAKA,KENT MERKEZİ,0,0,0
FABRİKA/ATÖLYE/İMALATHANE,ELEKT. KISA DEV./ELEKT. KONTAĞI,TAMAMEN YANAN,BETONARME,4,250.0,40.0,0.0,170.0,TORBALI,KIRSAL BÖLGE,0,0,0
ÇÖP,SİGARA/KİBRİT,BAŞLANGIÇTA SÖNDÜRÜLEN,YAPI_DEGIL,3,0.0,0.3,0.0,1585.0,BUCA,KENT MERKEZİ,0,0,0
BİNA,ELEKT. KISA DEV./ELEKT. KONTAĞI,BAŞLANGIÇTA SÖNDÜRÜLEN,BETONARME,4,0.0,0.0,1.0,1812.5,BUCA,KENT MERKEZİ,0,0,0
ARAÇ,ELEKT. KISA DEV./ELEKT. KONTAĞI,BAŞLANGIÇTA SÖNDÜRÜLEN,YAPI_DEGIL,7,0.0,1.0,0.0,2004.9999999999998,MENEMEN,KIRSAL BÖLGE,0,0,0
BİNA,SİGARA/KİBRİT,BAŞLANGIÇTA SÖNDÜRÜLEN,BETONARME,3,0.0,0.1,0.0,2092.5,KONAK,KENT MERKEZİ,0,0,0
İŞYERİ,KIVILCIM(DİĞER),BAŞLANGIÇTA SÖNDÜRÜLEN,BETONARME,2,35.0,20.0,0.0,2257.5,BORNOVA,KENT MERKEZİ,0,0,0
BİNA,KIVILCIM(BACA),BAŞLANGIÇTA SÖNDÜRÜLEN,BETONARME,3,0.0,1.0,0.0,2337.5,BORNOVA,KENT MERKEZİ,0,0,0
OT,SİGARA/KİBRİT,BAŞLANGIÇTA SÖNDÜRÜLEN,YAPI_DEGIL,3,0.0,1.0,0.0,2347.5,DİKİLİ,KIRSAL BÖLGE,0,0,0
ÇÖP,AÇIK ATEŞ,BAŞLANGIÇTA SÖNDÜRÜLEN,YAPI_DEGIL,5,0.0,1.0,0.0,2562.5,BERGAMA,KENT MERKEZİ,0,0,0
ÇÖP,AÇIK ATEŞ,BAŞLANGIÇTA SÖNDÜRÜLEN,YAPI_DEGIL,2,0.0,0.2,0.0,2587.5,BAYRAKLI,KENT MERKEZİ,0,0,0
BİNA,ELEKT. KISA DEV./ELEKT. KONTAĞI,BAŞLANGIÇTA SÖNDÜRÜLEN,BETONARME,3,0.0,0.0,0.0,2677.5,BORNOVA,KENT MERKEZİ,0,0,0
ÇÖP,AÇIK ATEŞ,BAŞLANGIÇTA SÖNDÜRÜLEN,YAPI_DEGIL,4,0.0,0.5,0.0,2792.5,BUCA,KENT MERKEZİ,0,0,0
ARAÇ,ELEKT. KISA DEV./ELEKT. KONTAĞI,BAŞLANGIÇTA SÖNDÜRÜLEN,YAPI_DEGIL,13,0.0,0.0,0.0,2942.5,BAYINDIR,KIRSAL BÖLGE,0,0,0
ÇÖP,SİGARA/KİBRİT,BAŞLANGIÇTA SÖNDÜRÜLEN,YAPI_DEGIL,3,0.0,0.3,0.0,2985.0,KARŞIYAKA,KENT MERKEZİ,0,0,0
BİNA,ŞÜPHELİ,BAŞLANGIÇTA SÖNDÜRÜLEN,BETONARME,3,0.0,5.0,0.0,3065.0,BUCA,KENT MERKEZİ,0,12,0
ÇÖP,AÇIK ATEŞ,BAŞLANGIÇTA SÖNDÜRÜLEN,YAPI_DEGIL,3,0.0,0.5,0.0,3370.0,KONAK,KENT MERKEZİ,0,0,0
ÇÖP,SİGARA/KİBRİT,BAŞLANGIÇTA SÖNDÜRÜLEN,YAPI_DEGIL,3,0.0,0.2,0.0,3425.0,KONAK,KENT MERKEZİ,0,0,0
ÇÖP,SİGARA/KİBRİT,BAŞLANGIÇTA SÖNDÜRÜLEN,YAPI_DEGIL,4,0.0,20.0,0.0,3427.5,BUCA,KENT MERKEZİ,0,0,0
ÇÖP,AÇIK ATEŞ,BAŞLANGIÇTA SÖNDÜRÜLEN,YAPI_DEGIL,6,0.0,3.0,0.0,47.5,MENEMEN,KENT MERKEZİ,0,0,0
ÇÖP,AÇIK ATEŞ,BAŞLANGIÇTA SÖNDÜRÜLEN,YAPI_DEGIL,4,0.0,2.0,0.0,165.0,MENEMEN,KENT MERKEZİ,0,0,0
ÇÖP,SİGARA/KİBRİT,BAŞLANGIÇTA SÖNDÜRÜLEN,YAPI_DEGIL,2,0.0,0.0,0.0,262.5,KARABAĞLAR,KENT MERKEZİ,0,0,0
ÇÖP,SİGARA/KİBRİT,BAŞLANGIÇTA SÖNDÜRÜLEN,YAPI_DEGIL,3,0.0,1.0,0.0,475.0,BUCA,KENT MERKEZİ,0,0,0
BİNA,ELEKT. KISA DEV./ELEKT. KONTAĞI,BAŞLANGIÇTA SÖNDÜRÜLEN,BETONARME,5,0.0,0.1,0.0,512.5,MENDERES,KIRSAL BÖLGE,0,0,0
ARAÇ,ELEKT. KISA DEV./ELEKT. KONTAĞI,BAŞLANGIÇTA SÖNDÜRÜLEN,YAPI_DEGIL,1,0.0,0.3,0.0,862.5,KONAK,KENT MERKEZİ,0,0,0
ARAÇ,ELEKT. KISA DEV./ELEKT. KONTAĞI,TAMAMEN YANAN,YAPI_DEGIL,10,45.0,2.0,0.0,915.0,ALİAĞA,KIRSAL BÖLGE,0,0,0
ARAÇ,SİGARA/KİBRİT,BAŞLANGIÇTA SÖNDÜRÜLEN,YAPI_DEGIL,6,0.0,3.0,0.0,1460.0,MENEMEN,KIRSAL BÖLGE,0,0,0
BİNA,ELEKT. KISA DEV./ELEKT. KONTAĞI,BAŞLANGIÇTA SÖNDÜRÜLEN,BETONARME,4,0.0,0.0,0.0,1577.5,KONAK,KENT MERKEZİ,0,0,0
BİNA,ELEKT. KISA DEV./ELEKT. KONTAĞI,BAŞLANGIÇTA SÖNDÜRÜLEN,BETONARME,10,0.0,0.0,0.0,1735.0,KEMALPAŞA,KENT MERKEZİ,0,0,0
ÇÖP,SİGARA/KİBRİT,BAŞLANGIÇTA SÖNDÜRÜLEN,YAPI_DEGIL,3,0.0,0.1,0.0,1965.0,KONAK,KENT MERKEZİ,0,0,0
KARGILIK,AÇIK ATEŞ,BAŞLANGIÇTA SÖNDÜRÜLEN,YAPI_DEGIL,3,0.0,3.0,0.0,2375.0,BERGAMA,KIRSAL BÖLGE,0,0,0
ÇÖP,AÇIK ATEŞ,BAŞLANGIÇTA SÖNDÜRÜLEN,YAPI_DEGIL,3,0.0,0.5,0.0,2402.5,KONAK,KENT MERKEZİ,0,0,0
ARAÇ,ELEKT. KISA DEV./ELEKT. KONTAĞI,KISMEN YANARAK KURTARILAN,YAPI_DEGIL,5,0.0,0.0,0.0,2465.0,ALİAĞA,KIRSAL BÖLGE,0,0,0
BİNA,KIVILCIM(BACA),BAŞLANGIÇTA SÖNDÜRÜLEN,BETONARME,4,0.0,0.0,0.0,2665.0,BAYINDIR,KENT MERKEZİ,0,0,0
ÇÖP,AÇIK ATEŞ,BAŞLANGIÇTA SÖNDÜRÜLEN,YAPI_DEGIL,13,0.0,1.0,0.0,2885.0,KEMALPAŞA,KIRSAL BÖLGE,0,0,0
BİNA,ELEKT. KISA DEV./ELEKT. KONTAĞI,BAŞLANGIÇTA SÖNDÜRÜLEN,BETONARME,2,0.0,0.0,6.0,3040.0,DİKİLİ,KIRSAL BÖLGE,0,0,0
BİNA,KIVILCIM(BACA),BAŞLANGIÇTA SÖNDÜRÜLEN,DİĞER,3,0.0,3.0,0.0,3042.5,KONAK,KENT MERKEZİ,0,0,0
ÇÖP,SİGARA/KİBRİT,BAŞLANGIÇTA SÖNDÜRÜLEN,YAPI_DEGIL,4,0.0,1.0,0.0,3107.5,BUCA,KENT MERKEZİ,0,0,0
ÇÖP,SİGARA/KİBRİT,BAŞLANGIÇTA SÖNDÜRÜLEN,YAPI_DEGIL,5,0.0,1.0,0.0,3185.0,BORNOVA,KENT MERKEZİ,0,0,0
ARAÇ,ELEKT. KISA DEV./ELEKT. KONTAĞI,BAŞLANGIÇTA SÖNDÜRÜLEN,YAPI_DEGIL,3,0.0,0.5,0.0,3232.5,BAYRAKLI,KENT MERKEZİ,0,0,0
ÇÖP,AÇIK ATEŞ,BAŞLANGIÇTA SÖNDÜRÜLEN,YAPI_DEGIL,4,0.0,0.2,0.0,3295.0,KARABAĞLAR,KENT MERKEZİ,0,0,0
ÇÖP,AÇIK ATEŞ,BAŞLANGIÇTA SÖNDÜRÜLEN,YAPI_DEGIL,3,0.0,0.1,0.0,3402.5,GAZİEMİR,KENT MERKEZİ,0,0,0
BİNA,KIVILCIM(BACA),BAŞLANGIÇTA SÖNDÜRÜLEN,BETONARME,3,0.0,0.0,0.0,3457.5,KARABAĞLAR,KENT MERKEZİ,0,0,0
ÇÖP,SİGARA/KİBRİT,BAŞLANGIÇTA SÖNDÜRÜLEN,YAPI_DEGIL,4,0.0,1.0,0.0,3495.0,BUCA,KENT MERKEZİ,0,0,0
DİĞER,SİGARA/KİBRİT,BAŞLANGIÇTA SÖNDÜRÜLEN,YAPI_DEGIL,7,0.0,1.0,0.0,3522.5,BAYRAKLI,KENT MERKEZİ,0,0,0
BİNA,AÇIK ATEŞ,BAŞLANGIÇTA SÖNDÜRÜLEN,BETONARME,5,0.0,1.5,0.0,487.5,BORNOVA,KENT MERKEZİ,0,0,0
İŞYERİ,KIVILCIM(DİĞER),BAŞLANGIÇTA SÖNDÜRÜLEN,BETONARME,3,0.0,3.0,0.0,847.5,BERGAMA,KENT MERKEZİ,0,0,0
ARAÇ,ELEKT. KISA DEV./ELEKT. KONTAĞI,BAŞLANGIÇTA SÖNDÜRÜLEN,YAPI_DEGIL,4,0.0,0.3,0.0,1382.5,GÜZELBAHÇE,KENT MERKEZİ,0,0,0
BİNA,AÇIK ATEŞ,BAŞLANGIÇTA SÖNDÜRÜLEN,DİĞER,6,0.0,3.0,0.0,1922.4999999999998,KONAK,KENT MERKEZİ,0,0,0
ÇÖP,AÇIK ATEŞ,BAŞLANGIÇTA SÖNDÜRÜLEN,YAPI_DEGIL,5,0.0,1.0,0.0,1925.0000000000002,BUCA,KENT MERKEZİ,0,0,0
ÇÖP,AÇIK ATEŞ,BAŞLANGIÇTA SÖNDÜRÜLEN,YAPI_DEGIL,1,0.0,2.0,0.0,2170.0,BERGAMA,KENT MERKEZİ,0,0,0
BİNA,KIVILCIM(BACA),KISMEN YANARAK KURTARILAN,BAĞDADİ(TAŞ YAPI),2,0.0,25.0,0.0,2345.0,KİRAZ,KENT MERKEZİ,0,1,0
ÇÖP,SİGARA/KİBRİT,BAŞLANGIÇTA SÖNDÜRÜLEN,YAPI_DEGIL,5,0.0,1.5,0.0,2462.5,KARŞIYAKA,KENT MERKEZİ,0,0,0
ÇÖP,AÇIK ATEŞ,BAŞLANGIÇTA SÖNDÜRÜLEN,YAPI_DEGIL,7,0.0,1.0,0.0,2472.5,ÖDEMİŞ,KIRSAL BÖLGE,0,0,0
ÇÖP,AÇIK ATEŞ,BAŞLANGIÇTA SÖNDÜRÜLEN,YAPI_DEGIL,5,0.0,1.8,0.0,2687.5,BUCA,KENT MERKEZİ,0,0,0
ÇÖP,AÇIK ATEŞ,BAŞLANGIÇTA SÖNDÜRÜLEN,YAPI_DEGIL,4,0.0,0.1,0.0,2850.0,BORNOVA,KENT MERKEZİ,0,0,0
ÇÖP,AÇIK ATEŞ,BAŞLANGIÇTA SÖNDÜRÜLEN,YAPI_DEGIL,3,0.0,3.0,0.0,2895.0,SELÇUK,KIRSAL BÖLGE,0,0,0
ÇÖP,AÇIK ATEŞ,BAŞLANGIÇTA SÖNDÜRÜLEN,YAPI_DEGIL,6,0.0,0.5,0.0,3157.5,BORNOVA,KENT MERKEZİ,0,0,0
ÇÖP,AÇIK ATEŞ,BAŞLANGIÇTA SÖNDÜRÜLEN,YAPI_DEGIL,5,0.0,3.0,0.0,3220.0,BUCA,KENT MERKEZİ,0,0,0
KABLO/DİREK-ELEKT/TEL VB,ELEKT. KISA DEV./ELEKT. KONTAĞI,BAŞLANGIÇTA SÖNDÜRÜLEN,YAPI_DEGIL,3,0.0,0.0,0.0,3262.5,BUCA,KENT MERKEZİ,0,0,0
ODUN/KÖMÜR-AÇIK ALANDA,AÇIK ATEŞ,BAŞLANGIÇTA SÖNDÜRÜLEN,YAPI_DEGIL,10,0.0,15.0,0.0,3265.0,MENEMEN,KENT MERKEZİ,0,0,0
ÇÖP,SİGARA/KİBRİT,BAŞLANGIÇTA SÖNDÜRÜLEN,YAPI_DEGIL,4,0.0,0.5,0.0,3277.5,ALİAĞA,KENT MERKEZİ,0,0,0
BİNA,ŞÜPHELİ,TAMAMEN YANAN,DİĞER,7,0.0,6.0,0.0,3435.0,KONAK,KENT MERKEZİ,0,0,0
BİNA,KIVILCIM(BACA),BAŞLANGIÇTA SÖNDÜRÜLEN,BETONARME,6,0.0,0.9,6.0,3482.5,KEMALPAŞA,KIRSAL BÖLGE,0,0,0
ÇÖP,AÇIK ATEŞ,BAŞLANGIÇTA SÖNDÜRÜLEN,YAPI_DEGIL,2,0.0,3.0,0.0,20.0,BERGAMA,KENT MERKEZİ,0,0,0
PARK,AÇIK ATEŞ,KISMEN YANARAK KURTARILAN,YAPI_DEGIL,3,0.0,0.5,0.0,62.50000000000001,KARABAĞLAR,KENT MERKEZİ,0,0,0
ÇÖP,SİGARA/KİBRİT,BAŞLANGIÇTA SÖNDÜRÜLEN,YAPI_DEGIL,5,0.0,0.5,0.0,227.5,BUCA,KENT MERKEZİ,0,0,0
BİNA,AÇIK ATEŞ,BAŞLANGIÇTA SÖNDÜRÜLEN,BETONARME,5,0.0,2.0,0.0,405.0,MENEMEN,KENT MERKEZİ,0,0,0
İŞYERİ,ELEKT. KISA DEV./ELEKT. KONTAĞI,BAŞLANGIÇTA SÖNDÜRÜLEN,BETONARME,3,0.0,0.01,0.0,450.0,TORBALI,KENT MERKEZİ,0,0,0
FABRİKA/ATÖLYE/İMALATHANE,ELEKT. KISA DEV./ELEKT. KONTAĞI,BAŞLANGIÇTA SÖNDÜRÜLEN,BETONARME,5,0.0,0.1,0.0,512.5,KARABAĞLAR,KENT MERKEZİ,0,0,0
BİNA,ELEKT. KISA DEV./ELEKT. KONTAĞI,BAŞLANGIÇTA SÖNDÜRÜLEN,BETONARME,4,0.0,0.3,0.0,537.5,KARŞIYAKA,KENT MERKEZİ,0,0,0
BİNA,ELEKT. KISA DEV./ELEKT. KONTAĞI,BAŞLANGIÇTA SÖNDÜRÜLEN,BETONARME,3,0.0,0.0,0.0,1170.0,KONAK,KENT MERKEZİ,0,0,0
BİNA,ELEKT. KISA DEV./ELEKT. KONTAĞI,BAŞLANGIÇTA SÖNDÜRÜLEN,BETONARME,6,0.0,0.01,0.0,1397.5,TORBALI,KENT MERKEZİ,0,0,0
BİNA,KIVILCIM(BACA),KISMEN YANARAK KURTARILAN,DİĞER,10,0.0,10.0,0.0,1457.5,KEMALPAŞA,KIRSAL BÖLGE,0,0,0
BİNA,KIVILCIM(BACA),BAŞLANGIÇTA SÖNDÜRÜLEN,BETONARME,2,0.0,0.1,0.0,1515.0,TİRE,KENT MERKEZİ,0,0,0
BİNA,ÇOCUKLARIN ATEŞLE OYNAMASI,BAŞLANGIÇTA SÖNDÜRÜLEN,BETONARME,3,0.0,1.0,0.0,1637.5,BUCA,KENT MERKEZİ,0,2,0
ÇÖP,AÇIK ATEŞ,BAŞLANGIÇTA SÖNDÜRÜLEN,YAPI_DEGIL,3,0.0,2.0,0.0,1842.5,BEYDAĞ,KIRSAL BÖLGE,0,0,0
ÇÖP,AÇIK ATEŞ,BAŞLANGIÇTA SÖNDÜRÜLEN,YAPI_DEGIL,4,0.0,1.0,0.0,2115.0,MENEMEN,KENT MERKEZİ,0,0,0
ÇÖP,SİGARA/KİBRİT,BAŞLANGIÇTA SÖNDÜRÜLEN,YAPI_DEGIL,5,0.0,1.8,0.0,2160.0,BUCA,KENT MERKEZİ,0,0,0
BİNA,ELEKT. KISA DEV./ELEKT. KONTAĞI,BAŞLANGIÇTA SÖNDÜRÜLEN,BETONARME,2,0.0,1.0,0.0,2242.5,BUCA,KENT MERKEZİ,0,1,0
ÇÖP,SİGARA/KİBRİT,BAŞLANGIÇTA SÖNDÜRÜLEN,YAPI_DEGIL,1,0.0,0.5,0.0,2290.0,KARABAĞLAR,KENT MERKEZİ,0,0,0
İŞYERİ,KIVILCIM(BACA),BAŞLANGIÇTA SÖNDÜRÜLEN,BETONARME,2,0.0,0.2,0.0,2337.5,BORNOVA,KENT MERKEZİ,0,0,0
ARAÇ,ELEKT. KISA DEV./ELEKT. KONTAĞI,KISMEN YANARAK KURTARILAN,YAPI_DEGIL,2,20.0,0.4,0.0,2562.5,URLA,KENT MERKEZİ,0,0,0
KÜMES,ELEKT. KISA DEV./ELEKT. KONTAĞI,KISMEN YANARAK KURTARILAN,BETONARME,14,0.0,10.0,0.0,2677.5,MENDERES,KIRSAL BÖLGE,0,0,0
OT,SİGARA/KİBRİT,BAŞLANGIÇTA SÖNDÜRÜLEN,YAPI_DEGIL,6,0.0,1.0,0.0,2797.5,ÇİĞLİ,KIRSAL BÖLGE,0,0,0
ÇÖP,SİGARA/KİBRİT,BAŞLANGIÇTA SÖNDÜRÜLEN,YAPI_DEGIL,2,0.0,0.5,0.0,2817.5,ÖDEMİŞ,KENT MERKEZİ,0,0,0
ÇÖP,SİGARA/KİBRİT,BAŞLANGIÇTA SÖNDÜRÜLEN,YAPI_DEGIL,4,0.0,1.0,0.0,2825.0,KİRAZ,KIRSAL BÖLGE,0,0,0
ÇÖP,AÇIK ATEŞ,BAŞLANGIÇTA SÖNDÜRÜLEN,YAPI_DEGIL,5,0.0,1.0,0.0,2837.5,MENEMEN,KENT MERKEZİ,0,0,0
BİNA,KONVEKSİYON (HAVA İLE ISI TRANSFERİ),BAŞLANGIÇTA SÖNDÜRÜLEN,BETONARME,5,0.0,0.0,0.0,2865.0,KONAK,KENT MERKEZİ,0,0,0
ÇÖP,SİGARA/KİBRİT,BAŞLANGIÇTA SÖNDÜRÜLEN,YAPI_DEGIL,4,0.0,0.2,0.0,3000.0,KONAK,KENT MERKEZİ,0,0,0
ARAÇ,ISINMA/SÜRTÜNME,BAŞLANGIÇTA SÖNDÜRÜLEN,YAPI_DEGIL,12,0.0,1.0,0.0,3092.5,URLA,KIRSAL BÖLGE,0,0,0
ODUN/KÖMÜR-AÇIK ALANDA,AÇIK ATEŞ,BAŞLANGIÇTA SÖNDÜRÜLEN,YAPI_DEGIL,5,0.0,0.01,0.0,3355.0,GAZİEMİR,KENT MERKEZİ,0,0,0
ÇÖP,AÇIK ATEŞ,BAŞLANGIÇTA SÖNDÜRÜLEN,YAPI_DEGIL,5,0.0,1.0,0.0,3362.5,KARŞIYAKA,KENT MERKEZİ,0,0,0
ÇÖP,SİGARA/KİBRİT,BAŞLANGIÇTA SÖNDÜRÜLEN,YAPI_DEGIL,3,0.0,1.0,0.0,3432.5,KONAK,KENT MERKEZİ,0,0,0
BİNA,KIVILCIM(BACA),BAŞLANGIÇTA SÖNDÜRÜLEN,BETONARME,4,0.0,0.1,0.0,3480.0,ÇEŞME,KENT MERKEZİ,0,0,0
ÇÖP,SİGARA/KİBRİT,BAŞLANGIÇTA SÖNDÜRÜLEN,YAPI_DEGIL,3,0.0,0.2,0.0,77.5,TORBALI,KENT MERKEZİ,0,0,0
ARAÇ,KUNDAKLAMA/SABOTAJ,KISMEN YANARAK KURTARILAN,YAPI_DEGIL,13,0.0,2.0,0.0,240.0,BAYINDIR,KIRSAL BÖLGE,0,0,0
BİNA,ELEKT. KISA DEV./ELEKT. KONTAĞI,BAŞLANGIÇTA SÖNDÜRÜLEN,BETONARME,4,0.0,3.0,0.0,455.0,KONAK,KENT MERKEZİ,0,0,0
MOTOSİKLET,KASIT,TAMAMEN YANAN,YAPI_DEGIL,3,0.0,1.0,0.0,602.5,BUCA,KENT MERKEZİ,0,0,0
ARAÇ,KIZIŞMA,BAŞLANGIÇTA SÖNDÜRÜLEN,YAPI_DEGIL,4,0.0,0.1,0.0,1220.0,KARABAĞLAR,KENT MERKEZİ,0,0,0
BİNA,ELEKT. KISA DEV./ELEKT. KONTAĞI,BAŞLANGIÇTA SÖNDÜRÜLEN,BETONARME,5,0.0,0.0,0.0,1652.5,BAYRAKLI,KENT MERKEZİ,0,0,0
ÇÖP,AÇIK ATEŞ,BAŞLANGIÇTA SÖNDÜRÜLEN,YAPI_DEGIL,6,0.0,3.0,0.0,1797.5,MENEMEN,KIRSAL BÖLGE,0,0,0
ÇÖP,AÇIK ATEŞ,BAŞLANGIÇTA SÖNDÜRÜLEN,YAPI_DEGIL,3,0.0,0.5,0.0,1817.5,KARABAĞLAR,KENT MERKEZİ,0,0,0
BİNA,SİGARA/KİBRİT,BAŞLANGIÇTA SÖNDÜRÜLEN,BETONARME,3,0.0,0.3,0.0,2322.5,KONAK,KENT MERKEZİ,0,0,0
ÇÖP,SİGARA/KİBRİT,BAŞLANGIÇTA SÖNDÜRÜLEN,YAPI_DEGIL,5,0.0,1.0,0.0,2400.0,BORNOVA,KENT MERKEZİ,0,0,0
ÇÖP,AÇIK ATEŞ,BAŞLANGIÇTA SÖNDÜRÜLEN,YAPI_DEGIL,4,0.0,0.2,0.0,2555.0,URLA,KENT MERKEZİ,0,0,0
İŞYERİ,ELEKT. KISA DEV./ELEKT. KONTAĞI,BAŞLANGIÇTA SÖNDÜRÜLEN,BETONARME,3,0.0,0.0,0.0,2560.0,KEMALPAŞA,KIRSAL BÖLGE,0,0,0
BİNA,ELEKT. KISA DEV./ELEKT. KONTAĞI,BAŞLANGIÇTA SÖNDÜRÜLEN,BETONARME,2,0.0,0.0,0.0,2662.5,KARABAĞLAR,KENT MERKEZİ,0,0,0
ÇÖP,SİGARA/KİBRİT,BAŞLANGIÇTA SÖNDÜRÜLEN,YAPI_DEGIL,4,0.0,2.0,0.0,2685.0,BUCA,KENT MERKEZİ,0,0,0
ÇÖP,SİGARA/KİBRİT,BAŞLANGIÇTA SÖNDÜRÜLEN,YAPI_DEGIL,6,0.0,1.0,0.0,2685.0,BORNOVA,KENT MERKEZİ,0,0,0
AĞAÇ,SİGARA/KİBRİT,BAŞLANGIÇTA SÖNDÜRÜLEN,YAPI_DEGIL,3,0.0,0.4,0.0,2745.0,GÜZELBAHÇE,KENT MERKEZİ,0,0,0
ÇÖP,AÇIK ATEŞ,BAŞLANGIÇTA SÖNDÜRÜLEN,YAPI_DEGIL,5,0.0,2.0,0.0,2762.5,ALİAĞA,KENT MERKEZİ,0,0,0
ÇÖP,SİGARA/KİBRİT,BAŞLANGIÇTA SÖNDÜRÜLEN,YAPI_DEGIL,4,0.0,5.0,0.0,2805.0,ÇİĞLİ,KENT MERKEZİ,0,0,0
ÇÖP,SİGARA/KİBRİT,BAŞLANGIÇTA SÖNDÜRÜLEN,YAPI_DEGIL,4,0.0,0.5,0.0,2857.5,KARABAĞLAR,KENT MERKEZİ,0,0,0
OT,SİGARA/KİBRİT,BAŞLANGIÇTA SÖNDÜRÜLEN,YAPI_DEGIL,11,0.0,3.0,0.0,2977.5,ÇİĞLİ,KIRSAL BÖLGE,0,0,0
BİNA,KASIT,BAŞLANGIÇTA SÖNDÜRÜLEN,BETONARME,3,0.0,0.3,0.0,3005.0,KONAK,KENT MERKEZİ,0,0,0
ÇÖP,AÇIK ATEŞ,BAŞLANGIÇTA SÖNDÜRÜLEN,YAPI_DEGIL,5,0.0,0.2,0.0,3045.0,MENDERES,KIRSAL BÖLGE,0,0,0
ÇÖP,SİGARA/KİBRİT,BAŞLANGIÇTA SÖNDÜRÜLEN,YAPI_DEGIL,5,0.0,0.3,0.0,3045.0,TORBALI,KIRSAL BÖLGE,0,0,0
BİNA,ELEKT. KISA DEV./ELEKT. KONTAĞI,BAŞLANGIÇTA SÖNDÜRÜLEN,BETONARME,3,0.0,0.0,0.0,3305.0,KARABAĞLAR,KENT MERKEZİ,0,0,0
ÇÖP,AÇIK ATEŞ,BAŞLANGIÇTA SÖNDÜRÜLEN,YAPI_DEGIL,4,0.0,0.5,0.0,3372.5,BORNOVA,KENT MERKEZİ,0,0,0
ÇÖP,SİGARA/KİBRİT,BAŞLANGIÇTA SÖNDÜRÜLEN,YAPI_DEGIL,5,0.0,1.0,0.0,3385.0,BORNOVA,KENT MERKEZİ,0,0,0
BİNA,KASIT,BAŞLANGIÇTA SÖNDÜRÜLEN,BETONARME,5,0.0,1.0,0.0,3445.0,KONAK,KENT MERKEZİ,0,0,0
ÇÖP,SİGARA/KİBRİT,BAŞLANGIÇTA SÖNDÜRÜLEN,YAPI_DEGIL,4,0.0,10.0,0.0,3452.5,BUCA,KENT MERKEZİ,0,0,0
ÇÖP,SİGARA/KİBRİT,BAŞLANGIÇTA SÖNDÜRÜLEN,YAPI_DEGIL,6,0.0,0.5,0.0,3507.5,SEFERİHİSAR,KIRSAL BÖLGE,0,0,0
BİNA,KIVILCIM(BACA),BAŞLANGIÇTA SÖNDÜRÜLEN,BETONARME,5,0.0,0.0,0.0,3575.0,ÇİĞLİ,KENT MERKEZİ,0,0,0
ÇÖP,SİGARA/KİBRİT,BAŞLANGIÇTA SÖNDÜRÜLEN,YAPI_DEGIL,5,0.0,0.5,0.0,3580.0,BUCA,KENT MERKEZİ,0,0,0
ARAÇ,ISINMA/SÜRTÜNME,BAŞLANGIÇTA SÖNDÜRÜLEN,YAPI_DEGIL,8,0.0,2.0,0.0,932.5,KEMALPAŞA,KIRSAL BÖLGE,0,0,0
ÇÖP,AÇIK ATEŞ,BAŞLANGIÇTA SÖNDÜRÜLEN,YAPI_DEGIL,5,0.0,1.0,0.0,1592.5,KARŞIYAKA,KENT MERKEZİ,0,0,0
ÇÖP,AÇIK ATEŞ,BAŞLANGIÇTA SÖNDÜRÜLEN,YAPI_DEGIL,6,0.0,1.0,0.0,1690.0,BORNOVA,KENT MERKEZİ,0,0,0
ÇÖP,AÇIK ATEŞ,BAŞLANGIÇTA SÖNDÜRÜLEN,YAPI_DEGIL,5,0.0,2.0,0.0,1775.0,SELÇUK,KIRSAL BÖLGE,0,0,0
BİNA,ELEKT. KISA DEV./ELEKT. KONTAĞI,BAŞLANGIÇTA SÖNDÜRÜLEN,BETONARME,5,0.0,0.0,0.0,1974.9999999999998,BUCA,KENT MERKEZİ,0,0,0
OT,AÇIK ATEŞ,BAŞLANGIÇTA SÖNDÜRÜLEN,YAPI_DEGIL,10,0.0,1.0,0.0,2092.5,ALİAĞA,KIRSAL BÖLGE,0,0,0
OT,AÇIK ATEŞ,BAŞLANGIÇTA SÖNDÜRÜLEN,YAPI_DEGIL,10,0.0,2.0,0.0,2137.5,DİKİLİ,KIRSAL BÖLGE,0,0,0
İŞYERİ,KIVILCIM(BACA),BAŞLANGIÇTA SÖNDÜRÜLEN,BETONARME,4,0.0,0.0,0.0,2302.5,ÇİĞLİ,KENT MERKEZİ,0,0,0
ÇÖP,AÇIK ATEŞ,BAŞLANGIÇTA SÖNDÜRÜLEN,YAPI_DEGIL,5,0.0,20.0,0.0,2452.5,MENEMEN,KENT MERKEZİ,0,0,0
ÇÖP,AÇIK ATEŞ,BAŞLANGIÇTA SÖNDÜRÜLEN,YAPI_DEGIL,5,0.0,0.3,0.0,2525.0,BORNOVA,KENT MERKEZİ,0,0,0
ÇÖP,AÇIK ATEŞ,BAŞLANGIÇTA SÖNDÜRÜLEN,YAPI_DEGIL,5,0.0,1.0,0.0,2602.5,KEMALPAŞA,KENT MERKEZİ,0,0,0
BİNA,KIVILCIM(BACA),BAŞLANGIÇTA SÖNDÜRÜLEN,BETONARME,3,0.0,0.05,0.0,2737.5,DİKİLİ,KIRSAL BÖLGE,0,0,0
OT,AÇIK ATEŞ,BAŞLANGIÇTA SÖNDÜRÜLEN,YAPI_DEGIL,5,0.0,0.5,0.0,2780.0,ÖDEMİŞ,KENT MERKEZİ,0,0,0
ÇÖP,AÇIK ATEŞ,BAŞLANGIÇTA SÖNDÜRÜLEN,YAPI_DEGIL,3,0.0,1.0,0.0,2887.5,SELÇUK,KENT MERKEZİ,0,0,0
ÇÖP,AÇIK ATEŞ,BAŞLANGIÇTA SÖNDÜRÜLEN,YAPI_DEGIL,10,0.0,2.0,0.0,2917.5,URLA,KIRSAL BÖLGE,0,0,0
ÇÖP,SİGARA/KİBRİT,BAŞLANGIÇTA SÖNDÜRÜLEN,YAPI_DEGIL,5,0.0,0.3,0.0,2970.0,KARABAĞLAR,KENT MERKEZİ,0,0,0
BİNA,KIVILCIM(BACA),BAŞLANGIÇTA SÖNDÜRÜLEN,BETONARME,1,0.0,0.0,0.0,3052.5,KONAK,KENT MERKEZİ,0,0,0
ÇÖP,AÇIK ATEŞ,BAŞLANGIÇTA SÖNDÜRÜLEN,YAPI_DEGIL,9,0.0,1.0,0.0,3052.5,MENEMEN,KIRSAL BÖLGE,0,0,0
ÇÖP,AÇIK ATEŞ,BAŞLANGIÇTA SÖNDÜRÜLEN,YAPI_DEGIL,12,0.0,0.0,0.0,3075.0,BUCA,KIRSAL BÖLGE,0,0,0
BİNA,ELEKT. KISA DEV./ELEKT. KONTAĞI,BAŞLANGIÇTA SÖNDÜRÜLEN,BETONARME,5,0.0,0.0,0.0,112.5,KONAK,KENT MERKEZİ,0,0,0
ÇÖP,AÇIK ATEŞ,BAŞLANGIÇTA SÖNDÜRÜLEN,YAPI_DEGIL,5,0.0,1.0,0.0,165.0,KARŞIYAKA,KENT MERKEZİ,0,0,0
BİNA,ELEKT. KISA DEV./ELEKT. KONTAĞI,BAŞLANGIÇTA SÖNDÜRÜLEN,BETONARME,5,0.0,0.0,0.0,237.5,KARŞIYAKA,KENT MERKEZİ,0,0,0
FABRİKA/ATÖLYE/İMALATHANE,KİMYASAL MADDE REAKSİYONU,BAŞLANGIÇTA SÖNDÜRÜLEN,BETONARME,5,0.0,10.0,0.0,285.0,KEMALPAŞA,KIRSAL BÖLGE,0,0,0
ÇÖP,AÇIK ATEŞ,BAŞLANGIÇTA SÖNDÜRÜLEN,YAPI_DEGIL,6,0.0,0.5,0.0,322.5,KONAK,KENT MERKEZİ,0,0,0
BİNA,AÇIK ATEŞ,BAŞLANGIÇTA SÖNDÜRÜLEN,BETONARME,3,0.0,0.1,0.0,420.0,TORBALI,KENT MERKEZİ,0,0,0
BİNA,ELEKT. KISA DEV./ELEKT. KONTAĞI,BAŞLANGIÇTA SÖNDÜRÜLEN,BETONARME,3,0.0,0.5,0.0,2237.5,BERGAMA,KENT MERKEZİ,0,0,0
BİNA,ŞÜPHELİ,BAŞLANGIÇTA SÖNDÜRÜLEN,BETONARME,4,0.0,0.8,0.0,2412.5,KONAK,KENT MERKEZİ,0,0,0
BİNA,ELEKT. KISA DEV./ELEKT. KONTAĞI,BAŞLANGIÇTA SÖNDÜRÜLEN,BETONARME,2,0.0,0.0,12.0,2637.5,KARABAĞLAR,KENT MERKEZİ,0,0,0
ÇÖP,SİGARA/KİBRİT,BAŞLANGIÇTA SÖNDÜRÜLEN,YAPI_DEGIL,3,0.0,0.5,0.0,2745.0,ALİAĞA,KENT MERKEZİ,0,0,0
ARAÇ,ŞÜPHELİ,BAŞLANGIÇTA SÖNDÜRÜLEN,YAPI_DEGIL,10,0.0,0.0,0.0,2842.5,KEMALPAŞA,KIRSAL BÖLGE,0,0,0
ÇÖP,SİGARA/KİBRİT,BAŞLANGIÇTA SÖNDÜRÜLEN,YAPI_DEGIL,4,0.0,0.5,0.0,3027.5,BUCA,KENT MERKEZİ,0,0,0
BİNA,KIVILCIM(DİĞER),BAŞLANGIÇTA SÖNDÜRÜLEN,BETONARME,4,0.0,0.0,0.0,3082.5,KARABAĞLAR,KENT MERKEZİ,0,0,0
BİNA,ELEKT. KISA DEV./ELEKT. KONTAĞI,BAŞLANGIÇTA SÖNDÜRÜLEN,BETONARME,4,0.0,20.0,0.0,3127.5,ÖDEMİŞ,KENT MERKEZİ,0,0,0
ÇÖP,SİGARA/KİBRİT,BAŞLANGIÇTA SÖNDÜRÜLEN,YAPI_DEGIL,3,0.0,0.2,0.0,3182.5,ALİAĞA,KENT MERKEZİ,0,0,0
ARAÇ,ELEKT. KISA DEV./ELEKT. KONTAĞI,KISMEN YANARAK KURTARILAN,YAPI_DEGIL,8,0.0,1.0,0.0,3380.0,MENEMEN,KENT MERKEZİ,0,0,0
ÇÖP,SİGARA/KİBRİT,BAŞLANGIÇTA SÖNDÜRÜLEN,YAPI_DEGIL,2,0.0,0.5,0.0,3420.0,KARABAĞLAR,KENT MERKEZİ,0,0,0
BARAKA/KULÜBE/YAŞAM KONTEYNERİ,ELEKT. KISA DEV./ELEKT. KONTAĞI,BAŞLANGIÇTA SÖNDÜRÜLEN,BETONARME,7,0.0,0.0,0.0,3450.0,KARŞIYAKA,KENT MERKEZİ,0,0,0
ÇÖP,SİGARA/KİBRİT,BAŞLANGIÇTA SÖNDÜRÜLEN,YAPI_DEGIL,3,0.0,0.2,0.0,3520.0,BUCA,KENT MERKEZİ,0,0,0
BİNA,ELEKT. KISA DEV./ELEKT. KONTAĞI,BAŞLANGIÇTA SÖNDÜRÜLEN,BETONARME,4,0.0,0.5,0.0,487.5,KONAK,KENT MERKEZİ,0,0,0
ARAÇ,ELEKT. KISA DEV./ELEKT. KONTAĞI,KISMEN YANARAK KURTARILAN,YAPI_DEGIL,1,0.0,2.0,0.0,1160.0,ÖDEMİŞ,KENT MERKEZİ,0,0,0
İŞYERİ,ELEKT. KISA DEV./ELEKT. KONTAĞI,BAŞLANGIÇTA SÖNDÜRÜLEN,BETONARME,1,0.0,0.0,0.0,2170.0,ÇEŞME,KENT MERKEZİ,0,0,0
BİNA,RADYASYON (IŞINIM İLE ISI TRANSFERİ),BAŞLANGIÇTA SÖNDÜRÜLEN,BETONARME,3,0.0,0.0,0.0,2202.5,KONAK,KENT MERKEZİ,0,0,0
BİNA,AÇIK ATEŞ,BAŞLANGIÇTA SÖNDÜRÜLEN,BETONARME,4,0.0,0.5,0.0,2365.0,ALİAĞA,KENT MERKEZİ,0,0,0
BİNA,KIVILCIM(DİĞER),BAŞLANGIÇTA SÖNDÜRÜLEN,BETONARME,16,0.0,0.4,0.0,2475.0,SEFERİHİSAR,KIRSAL BÖLGE,0,0,0
BİNA,ELEKT. KISA DEV./ELEKT. KONTAĞI,BAŞLANGIÇTA SÖNDÜRÜLEN,BETONARME,4,0.0,0.0,0.0,3087.5,KARABAĞLAR,KENT MERKEZİ,0,0,0
BİNA,KONDÜKSİYON (TEMAS İLE ISI TRANSFERİ),BAŞLANGIÇTA SÖNDÜRÜLEN,BETONARME,5,6.0,0.5,0.0,3137.5,MENEMEN,KENT MERKEZİ,0,0,0
İŞYERİ,KASIT,BAŞLANGIÇTA SÖNDÜRÜLEN,BETONARME,4,0.0,0.0,0.0,3577.5,KONAK,KENT MERKEZİ,0,0,0
İŞYERİ,KIVILCIM(DİĞER),BAŞLANGIÇTA SÖNDÜRÜLEN,BETONARME,4,0.0,0.1,0.0,262.5,TİRE,KENT MERKEZİ,0,0,0
İŞYERİ,ELEKT. KISA DEV./ELEKT. KONTAĞI,BAŞLANGIÇTA SÖNDÜRÜLEN,BETONARME,2,0.0,0.0,6.0,1077.5,KİRAZ,KENT MERKEZİ,0,0,0
İŞYERİ,ELEKT. KISA DEV./ELEKT. KONTAĞI,BAŞLANGIÇTA SÖNDÜRÜLEN,BETONARME,4,0.0,1.0,0.0,1140.0,KARABAĞLAR,KENT MERKEZİ,0,0,0
ARAÇ,ELEKT. KISA DEV./ELEKT. KONTAĞI,BAŞLANGIÇTA SÖNDÜRÜLEN,YAPI_DEGIL,5,0.0,1.0,0.0,2165.0,KARABAĞLAR,KENT MERKEZİ,0,0,0
ÇÖP,SİGARA/KİBRİT,BAŞLANGIÇTA SÖNDÜRÜLEN,YAPI_DEGIL,5,0.0,3.0,0.0,2257.5,KARŞIYAKA,KENT MERKEZİ,0,0,0
ÇÖP,SİGARA/KİBRİT,BAŞLANGIÇTA SÖNDÜRÜLEN,YAPI_DEGIL,3,0.0,0.2,0.0,2302.5,KONAK,KENT MERKEZİ,0,0,0
BİNA,SİGARA/KİBRİT,BAŞLANGIÇTA SÖNDÜRÜLEN,BETONARME,5,0.0,0.1,0.0,2305.0,BAYRAKLI,KENT MERKEZİ,0,0,0
ÇÖP,SİGARA/KİBRİT,BAŞLANGIÇTA SÖNDÜRÜLEN,YAPI_DEGIL,5,0.0,0.5,0.0,2560.0,BORNOVA,KENT MERKEZİ,0,0,0
ARAÇ,ELEKT. KISA DEV./ELEKT. KONTAĞI,TAMAMEN YANAN,YAPI_DEGIL,6,0.0,2.5,0.0,2827.5,BUCA,KENT MERKEZİ,0,0,0
BİNA,LPG/DOĞALGAZ,BAŞLANGIÇTA SÖNDÜRÜLEN,BETONARME,2,0.0,0.5,0.0,3277.5,KARABAĞLAR,KENT MERKEZİ,0,0,0
İŞYERİ,KIVILCIM(BACA),BAŞLANGIÇTA SÖNDÜRÜLEN,BETONARME,4,0.0,0.0,0.0,3377.5,KARŞIYAKA,KENT MERKEZİ,0,0,0
KABLO/DİREK-ELEKT/TEL VB,ELEKT. KISA DEV./ELEKT. KONTAĞI,BAŞLANGIÇTA SÖNDÜRÜLEN,YAPI_DEGIL,2,0.0,0.0,0.0,3552.5,KARABAĞLAR,KENT MERKEZİ,0,0,0
ÇÖP,AÇIK ATEŞ,BAŞLANGIÇTA SÖNDÜRÜLEN,YAPI_DEGIL,3,0.0,0.5,0.0,3575.0,BORNOVA,KENT MERKEZİ,0,0,0
BARAKA/KULÜBE/YAŞAM KONTEYNERİ,ELEKT. KISA DEV./ELEKT. KONTAĞI,TAMAMEN YANAN,PREFABRİK,9,0.0,3.5,0.0,2.5,BORNOVA,KIRSAL BÖLGE,0,0,0
BARAKA/KULÜBE/YAŞAM KONTEYNERİ,ELEKT. KISA DEV./ELEKT. KONTAĞI,BAŞLANGIÇTA SÖNDÜRÜLEN,PREFABRİK,15,0.0,5.0,0.0,212.5,MENDERES,KIRSAL BÖLGE,0,0,0
BİNA,KONVEKSİYON (HAVA İLE ISI TRANSFERİ),BAŞLANGIÇTA SÖNDÜRÜLEN,BETONARME,3,0.0,0.0,0.0,265.0,KARABAĞLAR,KENT MERKEZİ,0,0,0
BİNA,KIVILCIM(BACA),BAŞLANGIÇTA SÖNDÜRÜLEN,BETONARME,6,0.0,0.1,0.0,327.5,BALÇOVA,KENT MERKEZİ,0,0,0
KABLO/DİREK-ELEKT/TEL VB,ELEKT. KISA DEV./ELEKT. KONTAĞI,BAŞLANGIÇTA SÖNDÜRÜLEN,YAPI_DEGIL,5,0.0,0.0,0.0,480.0,ÇEŞME,KIRSAL BÖLGE,0,0,0
ÇÖP,AÇIK ATEŞ,BAŞLANGIÇTA SÖNDÜRÜLEN,YAPI_DEGIL,3,0.0,0.3,0.0,1250.0,KONAK,KENT MERKEZİ,0,0,0
ARAÇ,ELEKT. KISA DEV./ELEKT. KONTAĞI,KISMEN YANARAK KURTARILAN,YAPI_DEGIL,5,0.0,1.0,0.0,1277.5,KEMALPAŞA,KIRSAL BÖLGE,0,0,0
BARAKA/KULÜBE/YAŞAM KONTEYNERİ,ELEKT. KISA DEV./ELEKT. KONTAĞI,KISMEN YANARAK KURTARILAN,ÇELİK,7,0.0,1.0,0.0,1387.5,MENEMEN,KIRSAL BÖLGE,0,0,0
ARAÇ,ELEKT. KISA DEV./ELEKT. KONTAĞI,BAŞLANGIÇTA SÖNDÜRÜLEN,YAPI_DEGIL,3,0.0,0.2,0.0,1620.0,BUCA,KENT MERKEZİ,0,0,0
BİNA,ELEKT. KISA DEV./ELEKT. KONTAĞI,BAŞLANGIÇTA SÖNDÜRÜLEN,BETONARME,14,0.0,4.0,0.0,1857.5,BAYINDIR,KIRSAL BÖLGE,0,0,0
ÇÖP,AÇIK ATEŞ,BAŞLANGIÇTA SÖNDÜRÜLEN,YAPI_DEGIL,5,0.0,0.3,0.0,1885.0,BORNOVA,KENT MERKEZİ,0,0,0
İŞYERİ,ELEKT. KISA DEV./ELEKT. KONTAĞI,BAŞLANGIÇTA SÖNDÜRÜLEN,BETONARME,3,0.0,0.0,0.0,1942.5,KONAK,KENT MERKEZİ,0,0,0
BİNA,ELEKT. KISA DEV./ELEKT. KONTAĞI,BAŞLANGIÇTA SÖNDÜRÜLEN,BETONARME,4,0.0,0.0,0.0,2019.9999999999998,KONAK,KENT MERKEZİ,0,0,0
ÇÖP,SİGARA/KİBRİT,BAŞLANGIÇTA SÖNDÜRÜLEN,YAPI_DEGIL,3,0.0,1.0,0.0,2600.0,BORNOVA,KENT MERKEZİ,0,0,0
ÇÖP,AÇIK ATEŞ,BAŞLANGIÇTA SÖNDÜRÜLEN,YAPI_DEGIL,4,0.0,0.5,0.0,2782.5,TORBALI,KENT MERKEZİ,0,0,0
ARAÇ,ELEKT. KISA DEV./ELEKT. KONTAĞI,KISMEN YANARAK KURTARILAN,YAPI_DEGIL,6,0.0,1.0,0.0,2855.0,BALÇOVA,KENT MERKEZİ,0,0,0
BİNA,KIVILCIM(BACA),BAŞLANGIÇTA SÖNDÜRÜLEN,BETONARME,3,0.0,0.0,6.0,2925.0,BAYINDIR,KENT MERKEZİ,0,0,0
ÇÖP,SİGARA/KİBRİT,BAŞLANGIÇTA SÖNDÜRÜLEN,YAPI_DEGIL,3,0.0,0.5,0.0,2962.5,KONAK,KENT MERKEZİ,0,0,0
BİNA,KIVILCIM(BACA),BAŞLANGIÇTA SÖNDÜRÜLEN,BETONARME,5,0.0,2.0,0.0,3025.0,BAYRAKLI,KENT MERKEZİ,0,0,0
ODUNLUK/KÖMÜRLÜK,KIVILCIM(DİĞER),BAŞLANGIÇTA SÖNDÜRÜLEN,DİĞER,3,0.0,0.5,0.0,3095.0,MENDERES,KENT MERKEZİ,0,0,0
ÇÖP,SİGARA/KİBRİT,BAŞLANGIÇTA SÖNDÜRÜLEN,YAPI_DEGIL,4,0.0,0.5,0.0,3132.5,MENDERES,KENT MERKEZİ,0,0,0
TRAFO,ELEKT. KISA DEV./ELEKT. KONTAĞI,KISMEN YANARAK KURTARILAN,YAPI_DEGIL,6,0.0,0.0,6.0,3175.0,TORBALI,KENT MERKEZİ,0,0,0
İŞYERİ,SİGARA/KİBRİT,BAŞLANGIÇTA SÖNDÜRÜLEN,BETONARME,4,0.0,1.0,0.0,3217.5,BORNOVA,KENT MERKEZİ,0,0,0
ÇÖP,SİGARA/KİBRİT,BAŞLANGIÇTA SÖNDÜRÜLEN,YAPI_DEGIL,3,0.0,0.5,0.0,3240.0,BUCA,KENT MERKEZİ,0,0,0
ARAÇ,ELEKT. KISA DEV./ELEKT. KONTAĞI,BAŞLANGIÇTA SÖNDÜRÜLEN,YAPI_DEGIL,2,0.0,2.0,0.0,3342.5,TORBALI,KENT MERKEZİ,0,0,0
DİĞER,ELEKT. KISA DEV./ELEKT. KONTAĞI,TAMAMEN YANAN,YAPI_DEGIL,15,0.0,0.5,18.0,10.0,KEMALPAŞA,KIRSAL BÖLGE,0,0,0
ÇÖP,SİGARA/KİBRİT,BAŞLANGIÇTA SÖNDÜRÜLEN,YAPI_DEGIL,2,0.0,0.5,0.0,37.5,ALİAĞA,KENT MERKEZİ,0,0,0
ÇÖP,SİGARA/KİBRİT,BAŞLANGIÇTA SÖNDÜRÜLEN,YAPI_DEGIL,4,0.0,0.5,0.0,185.0,KARABAĞLAR,KENT MERKEZİ,0,0,0
ÇÖP,SİGARA/KİBRİT,BAŞLANGIÇTA SÖNDÜRÜLEN,YAPI_DEGIL,3,0.0,0.2,0.0,504.99999999999994,BORNOVA,KENT MERKEZİ,0,0,0
BARAKA/KULÜBE/YAŞAM KONTEYNERİ,ELEKT. KISA DEV./ELEKT. KONTAĞI,KISMEN YANARAK KURTARILAN,PREFABRİK,3,0.0,1.0,0.0,1047.5,MENDERES,KENT MERKEZİ,0,0,0
ÇÖP,SİGARA/KİBRİT,BAŞLANGIÇTA SÖNDÜRÜLEN,YAPI_DEGIL,5,0.0,0.1,0.0,1407.5,TORBALI,KENT MERKEZİ,0,0,0
TRAFO,ELEKT. KISA DEV./ELEKT. KONTAĞI,BAŞLANGIÇTA SÖNDÜRÜLEN,YAPI_DEGIL,5,0.0,0.0,6.0,1587.5,BUCA,KENT MERKEZİ,0,0,0
HURDALIK,KIVILCIM(DİĞER),BAŞLANGIÇTA SÖNDÜRÜLEN,DİĞER,5,0.0,2.0,0.0,1705.0,BORNOVA,KENT MERKEZİ,0,0,0
İŞYERİ,ÇOCUKLARIN ATEŞLE OYNAMASI,BAŞLANGIÇTA SÖNDÜRÜLEN,BETONARME,14,0.0,1.0,0.0,1877.5,ALİAĞA,KIRSAL BÖLGE,0,0,0
BİNA,KIVILCIM(BACA),BAŞLANGIÇTA SÖNDÜRÜLEN,BETONARME,3,0.0,0.1,0.0,2495.0,SEFERİHİSAR,KENT MERKEZİ,0,0,0
KABLO/DİREK-ELEKT/TEL VB,ELEKT. KISA DEV./ELEKT. KONTAĞI,BAŞLANGIÇTA SÖNDÜRÜLEN,YAPI_DEGIL,17,0.0,0.2,0.0,2857.5,DİKİLİ,KIRSAL BÖLGE,0,0,0
DİĞER,ŞÜPHELİ,KISMEN YANARAK KURTARILAN,YAPI_DEGIL,5,25.0,4.0,0.0,2962.5,KINIK,KENT MERKEZİ,0,0,0
ÇÖP,SİGARA/KİBRİT,BAŞLANGIÇTA SÖNDÜRÜLEN,YAPI_DEGIL,12,0.0,0.1,0.0,3000.0,BUCA,KIRSAL BÖLGE,0,0,0
BİNA,KIVILCIM(BACA),BAŞLANGIÇTA SÖNDÜRÜLEN,BETONARME,4,0.0,0.1,0.0,3085.0,ÖDEMİŞ,KENT MERKEZİ,0,0,0
BİNA,ELEKT. KISA DEV./ELEKT. KONTAĞI,BAŞLANGIÇTA SÖNDÜRÜLEN,BETONARME,5,0.0,0.0,0.0,3110.0,KONAK,KENT MERKEZİ,0,0,0
TRAFO,ELEKT. KISA DEV./ELEKT. KONTAĞI,TAMAMEN YANAN,YAPI_DEGIL,8,0.0,0.5,6.0,3175.0,MENDERES,KIRSAL BÖLGE,0,0,0
ÇÖP,SİGARA/KİBRİT,BAŞLANGIÇTA SÖNDÜRÜLEN,YAPI_DEGIL,4,0.0,3.0,0.0,3327.5,BUCA,KENT MERKEZİ,0,0,0
MOTOSİKLET,ŞÜPHELİ,TAMAMEN YANAN,YAPI_DEGIL,5,0.0,0.2,0.0,3457.5,TİRE,KENT MERKEZİ,0,0,0
ÇÖP,SİGARA/KİBRİT,BAŞLANGIÇTA SÖNDÜRÜLEN,YAPI_DEGIL,1,0.0,0.5,0.0,3510.0,BUCA,KENT MERKEZİ,0,0,0
ÇÖP,SİGARA/KİBRİT,BAŞLANGIÇTA SÖNDÜRÜLEN,YAPI_DEGIL,6,0.0,0.5,0.0,5.0,KARŞIYAKA,KENT MERKEZİ,0,0,0
BİNA,KIVILCIM(BACA),BAŞLANGIÇTA SÖNDÜRÜLEN,BETONARME,2,0.0,0.0,6.0,202.5,KİRAZ,KENT MERKEZİ,0,0,0
BİNA,AÇIK ATEŞ,BAŞLANGIÇTA SÖNDÜRÜLEN,BETONARME,3,50.0,3.0,0.0,390.0,KONAK,KENT MERKEZİ,0,0,0
ÇÖP,SİGARA/KİBRİT,BAŞLANGIÇTA SÖNDÜRÜLEN,YAPI_DEGIL,3,0.0,1.0,0.0,642.5,KONAK,KENT MERKEZİ,0,0,0
ARAÇ,ELEKT. KISA DEV./ELEKT. KONTAĞI,KISMEN YANARAK KURTARILAN,YAPI_DEGIL,3,0.0,0.0,0.0,1267.5,ALİAĞA,KENT MERKEZİ,0,0,0
ÇÖP,SİGARA/KİBRİT,BAŞLANGIÇTA SÖNDÜRÜLEN,YAPI_DEGIL,5,0.0,2.5,0.0,1322.5,BUCA,KENT MERKEZİ,0,0,0
BİNA,ELEKT. KISA DEV./ELEKT. KONTAĞI,BAŞLANGIÇTA SÖNDÜRÜLEN,BETONARME,5,0.0,4.0,0.0,1325.0,MENEMEN,KENT MERKEZİ,0,0,0
İŞYERİ,KIVILCIM(BACA),BAŞLANGIÇTA SÖNDÜRÜLEN,BETONARME,5,0.0,2.0,0.0,1732.5,KARŞIYAKA,KENT MERKEZİ,0,0,0
ARAÇ,ELEKT. KISA DEV./ELEKT. KONTAĞI,TAMAMEN YANAN,YAPI_DEGIL,10,50.0,8.0,0.0,1827.5,TORBALI,KIRSAL BÖLGE,0,0,0
TRAFO,ELEKT. KISA DEV./ELEKT. KONTAĞI,BAŞLANGIÇTA SÖNDÜRÜLEN,YAPI_DEGIL,4,0.0,0.0,0.01,2002.5,BALÇOVA,KENT MERKEZİ,0,0,0
BİNA,ELEKT. KISA DEV./ELEKT. KONTAĞI,BAŞLANGIÇTA SÖNDÜRÜLEN,BETONARME,7,0.0,0.0,0.0,2177.5,ÇEŞME,KENT MERKEZİ,0,0,0
ÇÖP,AÇIK ATEŞ,BAŞLANGIÇTA SÖNDÜRÜLEN,YAPI_DEGIL,4,0.0,1.5,0.0,2180.0,BERGAMA,KENT MERKEZİ,0,0,0
ÇÖP,AÇIK ATEŞ,BAŞLANGIÇTA SÖNDÜRÜLEN,YAPI_DEGIL,5,0.0,0.5,0.0,2232.5,BORNOVA,KENT MERKEZİ,0,0,0
ÇÖP,AÇIK ATEŞ,BAŞLANGIÇTA SÖNDÜRÜLEN,YAPI_DEGIL,5,0.0,2.0,0.0,2277.5,KARŞIYAKA,KENT MERKEZİ,0,0,0
ÇÖP,AÇIK ATEŞ,BAŞLANGIÇTA SÖNDÜRÜLEN,YAPI_DEGIL,13,0.0,10.0,0.0,2477.5,ÇİĞLİ,KIRSAL BÖLGE,0,0,0
BİNA,ELEKT. KISA DEV./ELEKT. KONTAĞI,BAŞLANGIÇTA SÖNDÜRÜLEN,BETONARME,4,0.0,0.0,0.0,2672.5,BUCA,KENT MERKEZİ,0,0,0
BİNA,AÇIK ATEŞ,BAŞLANGIÇTA SÖNDÜRÜLEN,BETONARME,4,0.0,0.0,0.0,2685.0,MENDERES,KENT MERKEZİ,0,0,0
ÇÖP,SİGARA/KİBRİT,BAŞLANGIÇTA SÖNDÜRÜLEN,YAPI_DEGIL,5,0.0,1.0,0.0,2782.5,KARŞIYAKA,KENT MERKEZİ,0,0,0
BİNA,AÇIK ATEŞ,BAŞLANGIÇTA SÖNDÜRÜLEN,BETONARME,3,0.0,2.0,0.0,2980.0,KARABAĞLAR,KENT MERKEZİ,0,0,0
ÇÖP,SİGARA/KİBRİT,BAŞLANGIÇTA SÖNDÜRÜLEN,YAPI_DEGIL,4,0.0,1.0,0.0,3132.5,TİRE,KENT MERKEZİ,0,0,0
ÇÖP,SİGARA/KİBRİT,BAŞLANGIÇTA SÖNDÜRÜLEN,YAPI_DEGIL,4,0.0,0.5,0.0,3190.0,URLA,KENT MERKEZİ,0,0,0
ÇÖP,SİGARA/KİBRİT,BAŞLANGIÇTA SÖNDÜRÜLEN,YAPI_DEGIL,4,0.0,0.1,0.0,3322.5,KONAK,KENT MERKEZİ,0,0,0
BİNA,ELEKT. KISA DEV./ELEKT. KONTAĞI,BAŞLANGIÇTA SÖNDÜRÜLEN,BETONARME,2,0.0,0.0,0.0,3457.5,KARABAĞLAR,KENT MERKEZİ,0,0,0
TRAFO,ELEKT. KISA DEV./ELEKT. KONTAĞI,BAŞLANGIÇTA SÖNDÜRÜLEN,YAPI_DEGIL,2,0.0,0.0,6.0,3460.0,TİRE,KENT MERKEZİ,0,0,0
HURDA-AÇIK ALANDA,AÇIK ATEŞ,BAŞLANGIÇTA SÖNDÜRÜLEN,YAPI_DEGIL,5,0.0,2.0,0.0,112.5,KINIK,KENT MERKEZİ,0,0,0
ÇÖP,SİGARA/KİBRİT,BAŞLANGIÇTA SÖNDÜRÜLEN,YAPI_DEGIL,2,0.0,0.2,0.0,387.5,KONAK,KENT MERKEZİ,0,0,0
ÇÖP,AÇIK ATEŞ,BAŞLANGIÇTA SÖNDÜRÜLEN,YAPI_DEGIL,5,0.0,1.0,0.0,1172.5,MENEMEN,KENT MERKEZİ,0,0,0
İŞYERİ,KIVILCIM(BACA),BAŞLANGIÇTA SÖNDÜRÜLEN,BETONARME,4,0.0,1.0,0.0,1577.5,KARŞIYAKA,KENT MERKEZİ,0,0,0
BARAKA/KULÜBE/YAŞAM KONTEYNERİ,AÇIK ATEŞ,BAŞLANGIÇTA SÖNDÜRÜLEN,BETONARME,5,0.0,2.0,0.0,1582.5,BAYINDIR,KENT MERKEZİ,0,0,0
BİNA,ELEKT. KISA DEV./ELEKT. KONTAĞI,BAŞLANGIÇTA SÖNDÜRÜLEN,BETONARME,4,0.0,0.5,0.0,1592.5,TORBALI,KENT MERKEZİ,0,0,0
ARAÇ,ISINMA/SÜRTÜNME,BAŞLANGIÇTA SÖNDÜRÜLEN,YAPI_DEGIL,3,0.0,0.0,0.0,1605.0,KONAK,KENT MERKEZİ,0,0,0
BİNA,KIVILCIM(BACA),BAŞLANGIÇTA SÖNDÜRÜLEN,BETONARME,5,0.0,0.3,0.0,1627.5,TORBALI,KENT MERKEZİ,0,0,0
ARAÇ,ŞÜPHELİ,TAMAMEN YANAN,YAPI_DEGIL,5,0.0,3.5,0.0,1770.0,MENEMEN,KENT MERKEZİ,0,0,0
ÇÖP,SİGARA/KİBRİT,BAŞLANGIÇTA SÖNDÜRÜLEN,YAPI_DEGIL,4,0.0,10.0,0.0,2125.0,BUCA,KENT MERKEZİ,0,0,0
BİNA,ELEKT. KISA DEV./ELEKT. KONTAĞI,BAŞLANGIÇTA SÖNDÜRÜLEN,BETONARME,4,0.0,0.4,6.0,2310.0,BUCA,KENT MERKEZİ,0,0,0
ÇÖP,SİGARA/KİBRİT,BAŞLANGIÇTA SÖNDÜRÜLEN,YAPI_DEGIL,4,0.0,1.0,0.0,2400.0,BUCA,KENT MERKEZİ,0,0,0
ÇÖP,SİGARA/KİBRİT,BAŞLANGIÇTA SÖNDÜRÜLEN,YAPI_DEGIL,4,0.0,0.5,0.0,2442.5,KONAK,KENT MERKEZİ,0,0,0
ÇÖP,SİGARA/KİBRİT,BAŞLANGIÇTA SÖNDÜRÜLEN,YAPI_DEGIL,5,0.0,1.0,0.0,2490.0,BORNOVA,KENT MERKEZİ,0,0,0
BİNA,SİGARA/KİBRİT,BAŞLANGIÇTA SÖNDÜRÜLEN,BETONARME,6,0.0,0.3,0.0,2595.0,KONAK,KENT MERKEZİ,0,0,0
OT,AÇIK ATEŞ,BAŞLANGIÇTA SÖNDÜRÜLEN,YAPI_DEGIL,6,0.0,0.1,0.0,2732.5,SEFERİHİSAR,KIRSAL BÖLGE,0,0,0
İNŞAAT ALANI,SİGARA/KİBRİT,BAŞLANGIÇTA SÖNDÜRÜLEN,YAPI_DEGIL,3,0.0,0.5,0.0,2785.0,KONAK,KENT MERKEZİ,0,0,0
ÇÖP,SİGARA/KİBRİT,BAŞLANGIÇTA SÖNDÜRÜLEN,YAPI_DEGIL,1,0.0,0.3,0.0,2877.5,TORBALI,KENT MERKEZİ,0,0,0
ÇÖP,SİGARA/KİBRİT,BAŞLANGIÇTA SÖNDÜRÜLEN,YAPI_DEGIL,4,0.0,1.0,0.0,2887.5,BUCA,KENT MERKEZİ,0,0,0
BARAKA/KULÜBE/YAŞAM KONTEYNERİ,ELEKT. KISA DEV./ELEKT. KONTAĞI,KISMEN YANARAK KURTARILAN,ÇELİK,3,400.0,15.0,0.0,2957.5,BORNOVA,KENT MERKEZİ,0,0,0
ÇÖP,AÇIK ATEŞ,BAŞLANGIÇTA SÖNDÜRÜLEN,YAPI_DEGIL,3,0.0,1.0,0.0,2962.5,BORNOVA,KENT MERKEZİ,0,0,0
ÇÖP,SİGARA/KİBRİT,BAŞLANGIÇTA SÖNDÜRÜLEN,YAPI_DEGIL,1,0.0,0.2,0.0,2985.0,MENDERES,KENT MERKEZİ,0,0,0
ÇÖP,SİGARA/KİBRİT,BAŞLANGIÇTA SÖNDÜRÜLEN,YAPI_DEGIL,5,0.0,1.0,0.0,3112.5,BAYRAKLI,KENT MERKEZİ,0,0,0
BİNA,ELEKT. KISA DEV./ELEKT. KONTAĞI,BAŞLANGIÇTA SÖNDÜRÜLEN,BETONARME,4,0.0,3.0,0.0,3155.0,KARŞIYAKA,KENT MERKEZİ,0,0,2
ARAÇ,ISINMA/SÜRTÜNME,BAŞLANGIÇTA SÖNDÜRÜLEN,YAPI_DEGIL,4,0.0,0.0,0.0,3165.0,KARŞIYAKA,KENT MERKEZİ,0,0,0
ÇÖP,SİGARA/KİBRİT,BAŞLANGIÇTA SÖNDÜRÜLEN,YAPI_DEGIL,2,0.0,0.3,0.0,3215.0,KARABAĞLAR,KENT MERKEZİ,0,0,0
BİNA,ELEKT. KISA DEV./ELEKT. KONTAĞI,BAŞLANGIÇTA SÖNDÜRÜLEN,BETONARME,3,0.0,1.0,0.0,3315.0,BUCA,KENT MERKEZİ,0,0,0
BİNA,SİGARA/KİBRİT,BAŞLANGIÇTA SÖNDÜRÜLEN,BETONARME,3,90.0,4.0,0.0,3535.0,KONAK,KENT MERKEZİ,0,0,0
ÇÖP,SİGARA/KİBRİT,BAŞLANGIÇTA SÖNDÜRÜLEN,YAPI_DEGIL,3,0.0,1.0,0.0,2.5,BUCA,KENT MERKEZİ,0,0,0
BİNA,SİGARA/KİBRİT,BAŞLANGIÇTA SÖNDÜRÜLEN,BETONARME,6,0.0,2.0,0.0,45.0,BUCA,KIRSAL BÖLGE,0,0,0
BİNA,KIVILCIM(BACA),BAŞLANGIÇTA SÖNDÜRÜLEN,BETONARME,4,0.0,1.0,1.0,82.5,ÇEŞME,KENT MERKEZİ,0,0,0
HURDALIK,SİGARA/KİBRİT,BAŞLANGIÇTA SÖNDÜRÜLEN,DİĞER,3,0.0,3.0,0.0,365.0,BORNOVA,KENT MERKEZİ,0,0,0
ÇÖP,SİGARA/KİBRİT,BAŞLANGIÇTA SÖNDÜRÜLEN,YAPI_DEGIL,5,0.0,0.5,0.0,402.5,KARŞIYAKA,KENT MERKEZİ,0,0,0
FABRİKA/ATÖLYE/İMALATHANE,ELEKT. KISA DEV./ELEKT. KONTAĞI,KISMEN YANARAK KURTARILAN,BETONARME,6,300.0,60.0,0.0,435.0,KEMALPAŞA,KIRSAL BÖLGE,0,0,0
ÇÖP,AÇIK ATEŞ,BAŞLANGIÇTA SÖNDÜRÜLEN,YAPI_DEGIL,4,0.0,0.4,0.0,792.5,BAYRAKLI,KENT MERKEZİ,0,0,0
ÇÖP,SİGARA/KİBRİT,BAŞLANGIÇTA SÖNDÜRÜLEN,YAPI_DEGIL,3,0.0,0.5,0.0,975.0,KARABAĞLAR,KENT MERKEZİ,0,0,0
ÇÖP,AÇIK ATEŞ,BAŞLANGIÇTA SÖNDÜRÜLEN,YAPI_DEGIL,3,0.0,0.1,0.0,1125.0,BUCA,KENT MERKEZİ,0,0,0
TRAFO,ELEKT. KISA DEV./ELEKT. KONTAĞI,BAŞLANGIÇTA SÖNDÜRÜLEN,YAPI_DEGIL,5,0.0,0.0,0.0,1897.5,KONAK,KENT MERKEZİ,0,0,0
ÇÖP,AÇIK ATEŞ,BAŞLANGIÇTA SÖNDÜRÜLEN,YAPI_DEGIL,5,0.0,1.0,0.0,1929.9999999999998,MENEMEN,KENT MERKEZİ,0,0,0
BİNA,ELEKT. KISA DEV./ELEKT. KONTAĞI,KISMEN YANARAK KURTARILAN,BETONARME,11,0.0,25.0,0.0,2110.0,TORBALI,KIRSAL BÖLGE,0,0,0
BİNA,ELEKT. KISA DEV./ELEKT. KONTAĞI,BAŞLANGIÇTA SÖNDÜRÜLEN,DİĞER,3,0.0,0.0,6.0,2212.5,KONAK,KENT MERKEZİ,0,0,0
ÇÖP,SİGARA/KİBRİT,BAŞLANGIÇTA SÖNDÜRÜLEN,YAPI_DEGIL,2,0.0,1.0,0.0,2227.5,FOÇA,KIRSAL BÖLGE,0,0,0
BARAKA/KULÜBE/YAŞAM KONTEYNERİ,ELEKT. KISA DEV./ELEKT. KONTAĞI,TAMAMEN YANAN,ÇELİK,7,0.0,2.0,0.0,2252.5,ÇEŞME,KIRSAL BÖLGE,0,0,0
OT,SİGARA/KİBRİT,BAŞLANGIÇTA SÖNDÜRÜLEN,YAPI_DEGIL,9,0.0,2.0,0.0,2352.5,MENEMEN,KIRSAL BÖLGE,0,0,0
ÇÖP,SİGARA/KİBRİT,BAŞLANGIÇTA SÖNDÜRÜLEN,YAPI_DEGIL,4,0.0,0.15,0.0,2455.0,KONAK,KENT MERKEZİ,0,0,0
BİNA,AÇIK ATEŞ,BAŞLANGIÇTA SÖNDÜRÜLEN,BETONARME,3,0.0,0.4,0.0,2692.5,KONAK,KENT MERKEZİ,0,0,0
ÇÖP,SİGARA/KİBRİT,BAŞLANGIÇTA SÖNDÜRÜLEN,YAPI_DEGIL,3,0.0,0.5,0.0,2807.5,BUCA,KENT MERKEZİ,0,0,0
BİNA,OCAK/SOBA/KALORİFER KAZANI,BAŞLANGIÇTA SÖNDÜRÜLEN,BETONARME,5,0.0,0.5,0.0,2962.5,ÇEŞME,KENT MERKEZİ,0,0,0
BİNA,ELEKT. KISA DEV./ELEKT. KONTAĞI,BAŞLANGIÇTA SÖNDÜRÜLEN,DİĞER,3,0.0,0.0,6.0,2997.5,KONAK,KENT MERKEZİ,0,0,0
ÇÖP,SİGARA/KİBRİT,BAŞLANGIÇTA SÖNDÜRÜLEN,YAPI_DEGIL,5,0.0,1.5,0.0,3357.5,BORNOVA,KENT MERKEZİ,0,0,0
ÇÖP,SİGARA/KİBRİT,BAŞLANGIÇTA SÖNDÜRÜLEN,YAPI_DEGIL,5,0.0,1.5,0.0,3377.5,BORNOVA,KENT MERKEZİ,0,0,0
MOTOSİKLET,ELEKT. KISA DEV./ELEKT. KONTAĞI,TAMAMEN YANAN,YAPI_DEGIL,4,0.0,0.2,0.0,3380.0,BAYRAKLI,KENT MERKEZİ,0,0,0
ÇÖP,SİGARA/KİBRİT,BAŞLANGIÇTA SÖNDÜRÜLEN,YAPI_DEGIL,3,0.0,1.5,0.0,3397.5,KONAK,KENT MERKEZİ,0,0,0
BİNA,ELEKT. KISA DEV./ELEKT. KONTAĞI,BAŞLANGIÇTA SÖNDÜRÜLEN,BETONARME,6,0.0,0.2,0.0,3442.5,ÇEŞME,KENT MERKEZİ,0,0,0
BİNA,KIVILCIM(BACA),BAŞLANGIÇTA SÖNDÜRÜLEN,BETONARME,5,0.0,0.0,0.0,3552.5,BORNOVA,KIRSAL BÖLGE,0,0,0
BİNA,KIVILCIM(BACA),BAŞLANGIÇTA SÖNDÜRÜLEN,BETONARME,6,0.0,1.0,0.0,3557.5,KARABAĞLAR,KENT MERKEZİ,0,0,17
ARAÇ,ISINMA/SÜRTÜNME,BAŞLANGIÇTA SÖNDÜRÜLEN,YAPI_DEGIL,5,0.0,10.0,0.0,452.5,KARŞIYAKA,KENT MERKEZİ,0,0,0
BARAKA/KULÜBE/YAŞAM KONTEYNERİ,OCAK/SOBA/KALORİFER KAZANI,TAMAMEN YANAN,AHŞAP,7,0.0,15.0,0.0,717.5,URLA,KIRSAL BÖLGE,0,0,0
BİNA,KIVILCIM(BACA),BAŞLANGIÇTA SÖNDÜRÜLEN,BETONARME,4,0.0,0.0,0.0,1302.5,KEMALPAŞA,KIRSAL BÖLGE,0,0,0
İŞYERİ,KIVILCIM(BACA),BAŞLANGIÇTA SÖNDÜRÜLEN,BETONARME,3,0.0,0.1,0.0,1590.0,KARABAĞLAR,KENT MERKEZİ,0,0,0
ÇÖP,SİGARA/KİBRİT,BAŞLANGIÇTA SÖNDÜRÜLEN,YAPI_DEGIL,6,0.0,1.0,0.0,1602.5,BAYRAKLI,KENT MERKEZİ,0,0,0
ARAÇ,ELEKT. KISA DEV./ELEKT. KONTAĞI,BAŞLANGIÇTA SÖNDÜRÜLEN,YAPI_DEGIL,4,0.0,0.0,0.0,1657.5,TORBALI,KENT MERKEZİ,0,0,0
ARAÇ,ELEKT. KISA DEV./ELEKT. KONTAĞI,BAŞLANGIÇTA SÖNDÜRÜLEN,YAPI_DEGIL,6,0.0,0.1,0.0,2082.5,KARABAĞLAR,KENT MERKEZİ,0,0,0
ÇÖP,AÇIK ATEŞ,BAŞLANGIÇTA SÖNDÜRÜLEN,YAPI_DEGIL,2,0.0,1.0,0.0,2095.0,BAYRAKLI,KENT MERKEZİ,0,0,0
BARAKA/KULÜBE/YAŞAM KONTEYNERİ,KIVILCIM(DİĞER),BAŞLANGIÇTA SÖNDÜRÜLEN,PREFABRİK,8,0.0,0.0,0.0,2105.0,DİKİLİ,KIRSAL BÖLGE,0,0,0
İŞYERİ,PARLAMA (YAĞ/KİMYASAL MAD.),BAŞLANGIÇTA SÖNDÜRÜLEN,BETONARME,4,0.0,0.0,6.0,2315.0,GAZİEMİR,KENT MERKEZİ,0,0,0
LASTİK,AÇIK ATEŞ,BAŞLANGIÇTA SÖNDÜRÜLEN,YAPI_DEGIL,7,0.0,1.0,0.0,2532.5,MENDERES,KIRSAL BÖLGE,0,0,0
ÇÖP,AÇIK ATEŞ,BAŞLANGIÇTA SÖNDÜRÜLEN,YAPI_DEGIL,4,0.0,2.0,0.0,2620.0,MENEMEN,KIRSAL BÖLGE,0,0,0
TRAFO,ELEKT. KISA DEV./ELEKT. KONTAĞI,TAMAMEN YANAN,YAPI_DEGIL,5,0.0,0.0,24.0,2677.5,KARŞIYAKA,KENT MERKEZİ,0,0,0
ÇÖP,SİGARA/KİBRİT,BAŞLANGIÇTA SÖNDÜRÜLEN,YAPI_DEGIL,8,0.0,0.5,0.0,2897.5,BORNOVA,KENT MERKEZİ,0,0,0
İŞYERİ,KIVILCIM(BACA),BAŞLANGIÇTA SÖNDÜRÜLEN,BETONARME,15,0.0,0.0,0.0,2995.0,KEMALPAŞA,KIRSAL BÖLGE,0,0,0
KABLO/DİREK-ELEKT/TEL VB,ELEKT. KISA DEV./ELEKT. KONTAĞI,BAŞLANGIÇTA SÖNDÜRÜLEN,YAPI_DEGIL,5,0.0,0.0,0.0,3022.5,KONAK,KENT MERKEZİ,0,0,0
KABLO/DİREK-ELEKT/TEL VB,ELEKT. KISA DEV./ELEKT. KONTAĞI,BAŞLANGIÇTA SÖNDÜRÜLEN,YAPI_DEGIL,3,0.0,0.0,0.0,3075.0,KONAK,KENT MERKEZİ,0,0,0
İŞYERİ,SİGARA/KİBRİT,BAŞLANGIÇTA SÖNDÜRÜLEN,BETONARME,4,0.0,0.3,0.0,3102.5,BUCA,KENT MERKEZİ,0,0,0
ÇÖP,AÇIK ATEŞ,BAŞLANGIÇTA SÖNDÜRÜLEN,YAPI_DEGIL,5,0.0,2.0,0.0,3140.0,KARŞIYAKA,KENT MERKEZİ,0,0,0
BİNA,KIVILCIM(DİĞER),BAŞLANGIÇTA SÖNDÜRÜLEN,BETONARME,4,0.0,0.5,0.0,3172.5,KARABAĞLAR,KENT MERKEZİ,0,0,0
BİNA,ELEKT. KISA DEV./ELEKT. KONTAĞI,BAŞLANGIÇTA SÖNDÜRÜLEN,BETONARME,4,0.0,1.0,0.0,3182.5,KARABAĞLAR,KENT MERKEZİ,0,0,0
BİNA,KIVILCIM(BACA),BAŞLANGIÇTA SÖNDÜRÜLEN,BETONARME,4,0.0,0.0,2.0,3255.0,ÖDEMİŞ,KENT MERKEZİ,0,0,0
ÇÖP,AÇIK ATEŞ,BAŞLANGIÇTA SÖNDÜRÜLEN,YAPI_DEGIL,5,0.0,0.2,0.0,3275.0,BAYRAKLI,KENT MERKEZİ,0,0,0
ÇÖP,SİGARA/KİBRİT,BAŞLANGIÇTA SÖNDÜRÜLEN,YAPI_DEGIL,3,0.0,0.1,0.0,3337.5,KONAK,KENT MERKEZİ,0,0,0
İŞYERİ,ELEKT. KISA DEV./ELEKT. KONTAĞI,BAŞLANGIÇTA SÖNDÜRÜLEN,BETONARME,3,0.0,1.0,0.0,3580.0,KONAK,KENT MERKEZİ,0,0,0
BİNA,AÇIK ATEŞ,BAŞLANGIÇTA SÖNDÜRÜLEN,BETONARME,6,0.0,3.0,0.0,205.0,MENEMEN,KENT MERKEZİ,0,0,0
BİNA,ŞÜPHELİ,BAŞLANGIÇTA SÖNDÜRÜLEN,BETONARME,2,0.0,2.0,0.0,862.5,KARABAĞLAR,KENT MERKEZİ,0,0,0
İŞYERİ,PARLAMA (AKARYAKIT MADDESİ),BAŞLANGIÇTA SÖNDÜRÜLEN,BETONARME,3,0.0,0.5,0.0,1657.5,KARABAĞLAR,KENT MERKEZİ,0,0,0
ÇÖP,SİGARA/KİBRİT,BAŞLANGIÇTA SÖNDÜRÜLEN,YAPI_DEGIL,4,0.0,10.0,0.0,1730.0,BUCA,KENT MERKEZİ,0,0,0
ÇÖP,SİGARA/KİBRİT,BAŞLANGIÇTA SÖNDÜRÜLEN,YAPI_DEGIL,10,0.0,2.0,0.0,1937.4999999999998,KEMALPAŞA,KIRSAL BÖLGE,0,0,0
ARAÇ,ELEKT. KISA DEV./ELEKT. KONTAĞI,BAŞLANGIÇTA SÖNDÜRÜLEN,YAPI_DEGIL,3,0.0,0.0,0.0,1955.0000000000002,BAYRAKLI,KENT MERKEZİ,0,0,0
OT,SİGARA/KİBRİT,BAŞLANGIÇTA SÖNDÜRÜLEN,YAPI_DEGIL,3,0.0,1.0,0.0,2147.5,BERGAMA,KENT MERKEZİ,0,0,0
BARAKA/KULÜBE/YAŞAM KONTEYNERİ,ELEKT. KISA DEV./ELEKT. KONTAĞI,TAMAMEN YANAN,DİĞER,12,0.0,3.0,0.0,2192.5,SELÇUK,KIRSAL BÖLGE,0,0,0
BİNA,ELEKT. KISA DEV./ELEKT. KONTAĞI,BAŞLANGIÇTA SÖNDÜRÜLEN,BETONARME,4,0.0,0.0,0.0,2385.0,BORNOVA,KENT MERKEZİ,0,0,0
ÇÖP,SİGARA/KİBRİT,BAŞLANGIÇTA SÖNDÜRÜLEN,YAPI_DEGIL,3,0.0,1.0,0.0,2420.0,DİKİLİ,KENT MERKEZİ,0,0,0
BİNA,KIVILCIM(BACA),BAŞLANGIÇTA SÖNDÜRÜLEN,BETONARME,5,0.0,0.3,0.0,2637.5,TORBALI,KENT MERKEZİ,0,0,0
ÇÖP,AÇIK ATEŞ,BAŞLANGIÇTA SÖNDÜRÜLEN,YAPI_DEGIL,4,0.0,1.0,0.0,2770.0,MENEMEN,KIRSAL BÖLGE,0,0,0
BİNA,SİGARA/KİBRİT,KISMEN YANARAK KURTARILAN,BETONARME,3,0.0,3.0,0.0,2860.0,KARABAĞLAR,KENT MERKEZİ,0,0,0
ÇÖP,AÇIK ATEŞ,BAŞLANGIÇTA SÖNDÜRÜLEN,YAPI_DEGIL,3,2.0,10.0,0.0,2895.0,KARŞIYAKA,KENT MERKEZİ,0,0,0
ÇÖP,SİGARA/KİBRİT,BAŞLANGIÇTA SÖNDÜRÜLEN,YAPI_DEGIL,5,0.0,0.4,0.0,2935.0,BUCA,KENT MERKEZİ,0,0,0
BİNA,ELEKT. KISA DEV./ELEKT. KONTAĞI,BAŞLANGIÇTA SÖNDÜRÜLEN,BETONARME,4,0.0,0.0,0.0,3220.0,GAZİEMİR,KENT MERKEZİ,0,0,0
ODUNLUK/KÖMÜRLÜK,ELEKT. KISA DEV./ELEKT. KONTAĞI,KISMEN YANARAK KURTARILAN,AHŞAP,2,0.0,2.0,0.0,3342.5,FOÇA,KIRSAL BÖLGE,0,0,0
BİNA,KIVILCIM(BACA),BAŞLANGIÇTA SÖNDÜRÜLEN,BETONARME,4,0.0,0.0,6.0,3385.0,ÖDEMİŞ,KENT MERKEZİ,0,0,0
ÇÖP,SİGARA/KİBRİT,BAŞLANGIÇTA SÖNDÜRÜLEN,YAPI_DEGIL,2,0.0,0.4,0.0,3400.0,KONAK,KENT MERKEZİ,0,0,0
ÇÖP,SİGARA/KİBRİT,BAŞLANGIÇTA SÖNDÜRÜLEN,YAPI_DEGIL,4,0.0,0.1,0.0,17.5,GAZİEMİR,KENT MERKEZİ,0,0,0
ÇÖP,SİGARA/KİBRİT,BAŞLANGIÇTA SÖNDÜRÜLEN,YAPI_DEGIL,2,0.0,0.3,0.0,32.5,FOÇA,KENT MERKEZİ,0,0,0
BİNA,ELEKT. KISA DEV./ELEKT. KONTAĞI,BAŞLANGIÇTA SÖNDÜRÜLEN,BETONARME,4,0.0,0.0,0.0,132.5,KARABAĞLAR,KENT MERKEZİ,0,0,0
BİNA,ELEKT. KISA DEV./ELEKT. KONTAĞI,BAŞLANGIÇTA SÖNDÜRÜLEN,BETONARME,3,0.0,0.0,0.0,945.0,GAZİEMİR,KENT MERKEZİ,0,0,0
ÇÖP,SİGARA/KİBRİT,BAŞLANGIÇTA SÖNDÜRÜLEN,YAPI_DEGIL,2,0.0,0.1,0.0,1032.5,ÖDEMİŞ,KENT MERKEZİ,0,0,0
İŞYERİ,ELEKT. KISA DEV./ELEKT. KONTAĞI,BAŞLANGIÇTA SÖNDÜRÜLEN,BETONARME,3,0.0,0.0,0.0,1370.0,BORNOVA,KENT MERKEZİ,0,0,0
BİNA,KIVILCIM(DİĞER),BAŞLANGIÇTA SÖNDÜRÜLEN,BETONARME,3,0.0,0.5,0.0,1447.5,KONAK,KENT MERKEZİ,0,1,0
ÇÖP,SİGARA/KİBRİT,BAŞLANGIÇTA SÖNDÜRÜLEN,YAPI_DEGIL,6,0.0,0.5,0.0,1705.0,KARŞIYAKA,KENT MERKEZİ,0,0,0
BİNA,ELEKT. KISA DEV./ELEKT. KONTAĞI,BAŞLANGIÇTA SÖNDÜRÜLEN,BETONARME,5,0.0,0.0,6.0,1832.5,FOÇA,KENT MERKEZİ,0,0,0
ÇÖP,AÇIK ATEŞ,BAŞLANGIÇTA SÖNDÜRÜLEN,YAPI_DEGIL,5,0.0,0.1,0.0,1952.4999999999998,BALÇOVA,KENT MERKEZİ,0,0,0
ÇÖP,AÇIK ATEŞ,BAŞLANGIÇTA SÖNDÜRÜLEN,YAPI_DEGIL,2,0.0,0.5,0.0,2152.5,KARABAĞLAR,KENT MERKEZİ,0,0,0
ÇÖP,SİGARA/KİBRİT,BAŞLANGIÇTA SÖNDÜRÜLEN,YAPI_DEGIL,4,0.0,2.0,0.0,2157.5,BUCA,KENT MERKEZİ,0,0,0
BİNA,KONDÜKSİYON (TEMAS İLE ISI TRANSFERİ),BAŞLANGIÇTA SÖNDÜRÜLEN,BETONARME,5,0.0,0.1,0.0,2515.0,BUCA,KENT MERKEZİ,0,0,0
BİNA,ELEKT. KISA DEV./ELEKT. KONTAĞI,BAŞLANGIÇTA SÖNDÜRÜLEN,BETONARME,5,0.0,0.0,0.0,2517.5,BUCA,KENT MERKEZİ,0,0,0
ÇÖP,AÇIK ATEŞ,BAŞLANGIÇTA SÖNDÜRÜLEN,YAPI_DEGIL,3,0.0,0.5,0.0,2832.5,TORBALI,KENT MERKEZİ,0,0,0
ÇÖP,SİGARA/KİBRİT,BAŞLANGIÇTA SÖNDÜRÜLEN,YAPI_DEGIL,3,0.0,1.0,0.0,2890.0,FOÇA,KIRSAL BÖLGE,0,0,0
BİNA,AÇIK ATEŞ,BAŞLANGIÇTA SÖNDÜRÜLEN,BETONARME,5,0.0,1.0,0.0,3247.5,KONAK,KENT MERKEZİ,0,0,0
BİNA,KIVILCIM(BACA),BAŞLANGIÇTA SÖNDÜRÜLEN,BETONARME,5,0.0,0.1,0.0,3515.0,BUCA,KENT MERKEZİ,0,0,0
FABRİKA/ATÖLYE/İMALATHANE,ELEKT. KISA DEV./ELEKT. KONTAĞI,BAŞLANGIÇTA SÖNDÜRÜLEN,BETONARME,10,0.0,0.0,0.0,725.0,ALİAĞA,KIRSAL BÖLGE,0,0,0
ARAÇ,ELEKT. KISA DEV./ELEKT. KONTAĞI,BAŞLANGIÇTA SÖNDÜRÜLEN,YAPI_DEGIL,5,0.0,0.0,0.0,1195.0,KARŞIYAKA,KENT MERKEZİ,0,0,0
ÇÖP,SİGARA/KİBRİT,BAŞLANGIÇTA SÖNDÜRÜLEN,YAPI_DEGIL,5,0.0,3.0,0.0,1300.0,KARŞIYAKA,KENT MERKEZİ,0,0,0
ARAÇ,ELEKT. KISA DEV./ELEKT. KONTAĞI,BAŞLANGIÇTA SÖNDÜRÜLEN,YAPI_DEGIL,5,0.0,0.5,0.0,1482.5,KARŞIYAKA,KENT MERKEZİ,0,0,0
FABRİKA/ATÖLYE/İMALATHANE,KIVILCIM(DİĞER),BAŞLANGIÇTA SÖNDÜRÜLEN,PREFABRİK,7,0.0,0.5,0.0,1520.0,TORBALI,KENT MERKEZİ,0,0,0
KABLO/DİREK-ELEKT/TEL VB,ELEKT. KISA DEV./ELEKT. KONTAĞI,BAŞLANGIÇTA SÖNDÜRÜLEN,YAPI_DEGIL,3,0.0,0.0,6.0,1537.5,MENDERES,KENT MERKEZİ,0,0,0
ÇÖP,SİGARA/KİBRİT,BAŞLANGIÇTA SÖNDÜRÜLEN,YAPI_DEGIL,4,0.0,0.1,0.0,1542.5,BUCA,KENT MERKEZİ,0,0,0
ÇÖP,AÇIK ATEŞ,BAŞLANGIÇTA SÖNDÜRÜLEN,YAPI_DEGIL,4,0.0,0.1,0.0,1927.5,BORNOVA,KENT MERKEZİ,0,0,0
BİNA,ELEKT. KISA DEV./ELEKT. KONTAĞI,BAŞLANGIÇTA SÖNDÜRÜLEN,BETONARME,5,0.0,0.0,6.0,2387.5,BERGAMA,KENT MERKEZİ,0,0,0
ÇÖP,AÇIK ATEŞ,BAŞLANGIÇTA SÖNDÜRÜLEN,YAPI_DEGIL,11,0.0,1.0,0.0,2452.5,URLA,KIRSAL BÖLGE,0,0,0
ÇÖP,SİGARA/KİBRİT,BAŞLANGIÇTA SÖNDÜRÜLEN,YAPI_DEGIL,3,0.0,0.1,0.0,2537.5,KARABAĞLAR,KENT MERKEZİ,0,0,0
ARAÇ,DİĞER,BAŞLANGIÇTA SÖNDÜRÜLEN,YAPI_DEGIL,10,0.0,15.0,0.0,2725.0,MANİSA,İL DIŞI,0,0,0
OT,SİGARA/KİBRİT,BAŞLANGIÇTA SÖNDÜRÜLEN,YAPI_DEGIL,3,0.0,1.0,0.0,3157.5,BERGAMA,KENT MERKEZİ,0,0,0
ÇÖP,SİGARA/KİBRİT,BAŞLANGIÇTA SÖNDÜRÜLEN,YAPI_DEGIL,2,0.0,0.5,0.0,3210.0,KARABAĞLAR,KENT MERKEZİ,0,0,0
ÇÖP,AÇIK ATEŞ,BAŞLANGIÇTA SÖNDÜRÜLEN,YAPI_DEGIL,5,0.0,3.0,0.0,3322.5,KARŞIYAKA,KENT MERKEZİ,0,0,0
ÇÖP,AÇIK ATEŞ,BAŞLANGIÇTA SÖNDÜRÜLEN,YAPI_DEGIL,5,0.0,0.5,0.0,3330.0,BORNOVA,KENT MERKEZİ,0,0,0
BİNA,KIVILCIM(DİĞER),BAŞLANGIÇTA SÖNDÜRÜLEN,BETONARME,2,0.0,3.5,0.0,3497.5,KARABURUN,KENT MERKEZİ,0,0,0
ÇÖP,AÇIK ATEŞ,BAŞLANGIÇTA SÖNDÜRÜLEN,YAPI_DEGIL,4,0.0,1.0,0.0,5.0,MENEMEN,KENT MERKEZİ,0,0,0
ÇÖP,SİGARA/KİBRİT,BAŞLANGIÇTA SÖNDÜRÜLEN,YAPI_DEGIL,2,0.0,0.1,0.0,170.0,BUCA,KENT MERKEZİ,0,0,0
ÇÖP,SİGARA/KİBRİT,BAŞLANGIÇTA SÖNDÜRÜLEN,YAPI_DEGIL,2,0.0,0.1,0.0,287.5,BALÇOVA,KENT MERKEZİ,0,0,0
ÇÖP,AÇIK ATEŞ,BAŞLANGIÇTA SÖNDÜRÜLEN,YAPI_DEGIL,5,0.0,1.0,0.0,325.0,ÇİĞLİ,KENT MERKEZİ,0,0,0
ARAÇ,ELEKT. KISA DEV./ELEKT. KONTAĞI,TAMAMEN YANAN,YAPI_DEGIL,4,5.0,2.0,6.0,1405.0,MENDERES,KIRSAL BÖLGE,0,0,0
ARAÇ,ELEKT. KISA DEV./ELEKT. KONTAĞI,KISMEN YANARAK KURTARILAN,YAPI_DEGIL,6,25.0,3.0,0.0,1405.0,BERGAMA,KENT MERKEZİ,0,0,0
ÇÖP,AÇIK ATEŞ,BAŞLANGIÇTA SÖNDÜRÜLEN,YAPI_DEGIL,5,0.0,1.5,0.0,1762.5,MENEMEN,KIRSAL BÖLGE,0,0,0
ÇÖP,SİGARA/KİBRİT,BAŞLANGIÇTA SÖNDÜRÜLEN,YAPI_DEGIL,3,0.0,0.5,0.0,1777.5,ALİAĞA,KENT MERKEZİ,0,0,0
ÇÖP,SİGARA/KİBRİT,BAŞLANGIÇTA SÖNDÜRÜLEN,YAPI_DEGIL,4,0.0,10.0,0.0,2355.0,KARABAĞLAR,KENT MERKEZİ,0,0,0
ÇÖP,AÇIK ATEŞ,BAŞLANGIÇTA SÖNDÜRÜLEN,YAPI_DEGIL,3,0.0,1.0,0.0,2357.5,BORNOVA,KENT MERKEZİ,0,0,0
DAM/AHIR/AĞIL/AMBAR,ELEKT. KISA DEV./ELEKT. KONTAĞI,TAMAMEN YANAN,BETONARME,13,0.0,10.0,0.0,2405.0,MENDERES,KIRSAL BÖLGE,0,0,0
BİNA,OCAK ÜSTÜ YEMEK UNUTMA,BAŞLANGIÇTA SÖNDÜRÜLEN,BETONARME,3,0.0,1.0,0.0,2482.5,KARŞIYAKA,KENT MERKEZİ,0,0,0
ÇÖP,AÇIK ATEŞ,BAŞLANGIÇTA SÖNDÜRÜLEN,YAPI_DEGIL,8,0.0,2.0,0.0,2520.0,MENEMEN,KENT MERKEZİ,0,0,0
ÇÖP,SİGARA/KİBRİT,BAŞLANGIÇTA SÖNDÜRÜLEN,YAPI_DEGIL,5,0.0,5.0,0.0,3357.5,KARABAĞLAR,KENT MERKEZİ,0,0,0
ÇÖP,AÇIK ATEŞ,BAŞLANGIÇTA SÖNDÜRÜLEN,YAPI_DEGIL,3,0.0,0.6,0.0,3410.0,KARŞIYAKA,KENT MERKEZİ,0,0,0
BİNA,ELEKT. KISA DEV./ELEKT. KONTAĞI,BAŞLANGIÇTA SÖNDÜRÜLEN,BETONARME,5,0.0,0.5,0.0,3420.0,KARŞIYAKA,KENT MERKEZİ,0,1,0
BİNA,LPG/DOĞALGAZ,BAŞLANGIÇTA SÖNDÜRÜLEN,BETONARME,3,0.0,0.3,0.0,3500.0,BUCA,KENT MERKEZİ,0,0,0
ÇÖP,SİGARA/KİBRİT,BAŞLANGIÇTA SÖNDÜRÜLEN,YAPI_DEGIL,3,0.0,0.1,0.0,100.0,TİRE,KENT MERKEZİ,0,0,0
İŞYERİ,ELEKT. KISA DEV./ELEKT. KONTAĞI,BAŞLANGIÇTA SÖNDÜRÜLEN,BETONARME,2,0.0,0.1,0.0,127.5,GAZİEMİR,KENT MERKEZİ,0,0,0
ÇÖP,AÇIK ATEŞ,BAŞLANGIÇTA SÖNDÜRÜLEN,YAPI_DEGIL,3,0.0,6.5,0.0,850.0,BAYRAKLI,KENT MERKEZİ,0,0,0
ÇÖP,SİGARA/KİBRİT,BAŞLANGIÇTA SÖNDÜRÜLEN,YAPI_DEGIL,4,0.0,0.3,0.0,1827.5,KARŞIYAKA,KENT MERKEZİ,0,0,0
ÇÖP,AÇIK ATEŞ,BAŞLANGIÇTA SÖNDÜRÜLEN,YAPI_DEGIL,5,0.0,3.0,0.0,2487.5,MENEMEN,KENT MERKEZİ,0,0,0
İŞYERİ,KIVILCIM(BACA),BAŞLANGIÇTA SÖNDÜRÜLEN,BETONARME,5,0.0,1.0,0.0,2535.0,KARŞIYAKA,KENT MERKEZİ,0,0,0
ARAÇ,ELEKT. KISA DEV./ELEKT. KONTAĞI,TAMAMEN YANAN,YAPI_DEGIL,3,0.0,4.0,0.0,2560.0,BAYRAKLI,KENT MERKEZİ,0,0,0
BİNA,ELEKT. KISA DEV./ELEKT. KONTAĞI,BAŞLANGIÇTA SÖNDÜRÜLEN,BETONARME,9,0.0,0.0,6.0,2607.5,KEMALPAŞA,KENT MERKEZİ,0,0,0
ÇÖP,AÇIK ATEŞ,BAŞLANGIÇTA SÖNDÜRÜLEN,YAPI_DEGIL,4,0.0,0.2,0.0,2610.0,KONAK,KENT MERKEZİ,0,0,0
ÇÖP,AÇIK ATEŞ,BAŞLANGIÇTA SÖNDÜRÜLEN,YAPI_DEGIL,5,0.0,3.0,0.0,2775.0,MENEMEN,KENT MERKEZİ,0,0,0
DİĞER,DİĞER,BAŞLANGIÇTA SÖNDÜRÜLEN,YAPI_DEGIL,13,0.0,2.0,0.0,2847.5,MENDERES,KIRSAL BÖLGE,0,0,0
BİNA,ELEKT. KISA DEV./ELEKT. KONTAĞI,BAŞLANGIÇTA SÖNDÜRÜLEN,BETONARME,5,0.0,0.0,0.0,2907.5,BORNOVA,KENT MERKEZİ,0,0,0
ÇÖP,AÇIK ATEŞ,BAŞLANGIÇTA SÖNDÜRÜLEN,YAPI_DEGIL,7,0.0,3.0,0.0,3002.5,ÇEŞME,KENT MERKEZİ,0,0,0
ÇÖP,SİGARA/KİBRİT,BAŞLANGIÇTA SÖNDÜRÜLEN,YAPI_DEGIL,4,0.0,0.2,0.0,3042.5,KARŞIYAKA,KENT MERKEZİ,0,0,0
ÇÖP,SİGARA/KİBRİT,BAŞLANGIÇTA SÖNDÜRÜLEN,YAPI_DEGIL,2,0.0,1.0,0.0,3112.5,KARABAĞLAR,KENT MERKEZİ,0,0,0
BİNA,ELEKT. KISA DEV./ELEKT. KONTAĞI,BAŞLANGIÇTA SÖNDÜRÜLEN,BETONARME,4,0.0,1.0,0.0,3127.5,BORNOVA,KENT MERKEZİ,0,0,0
ÇÖP,SİGARA/KİBRİT,BAŞLANGIÇTA SÖNDÜRÜLEN,YAPI_DEGIL,9,0.0,0.5,0.0,3195.0,KEMALPAŞA,KIRSAL BÖLGE,0,0,0
ÇÖP,SİGARA/KİBRİT,BAŞLANGIÇTA SÖNDÜRÜLEN,YAPI_DEGIL,3,0.0,0.5,0.0,3237.5,KONAK,KENT MERKEZİ,0,0,0
LASTİK,AÇIK ATEŞ,BAŞLANGIÇTA SÖNDÜRÜLEN,YAPI_DEGIL,5,0.0,0.3,0.0,3502.5,BAYINDIR,KENT MERKEZİ,0,0,0
ÇÖP,AÇIK ATEŞ,BAŞLANGIÇTA SÖNDÜRÜLEN,YAPI_DEGIL,3,0.0,3.0,0.0,3595.0,MENEMEN,KENT MERKEZİ,0,0,0
ARAÇ,ELEKT. KISA DEV./ELEKT. KONTAĞI,KISMEN YANARAK KURTARILAN,YAPI_DEGIL,5,0.0,1.5,0.0,195.0,ALİAĞA,KIRSAL BÖLGE,0,0,0
ÇÖP,AÇIK ATEŞ,BAŞLANGIÇTA SÖNDÜRÜLEN,YAPI_DEGIL,5,0.0,1.0,0.0,290.0,BORNOVA,KENT MERKEZİ,0,0,0
ÇÖP,SİGARA/KİBRİT,BAŞLANGIÇTA SÖNDÜRÜLEN,YAPI_DEGIL,2,0.0,0.3,0.0,1115.0,BUCA,KENT MERKEZİ,0,0,0
BİNA,PARLAMA (YAĞ/KİMYASAL MAD.),BAŞLANGIÇTA SÖNDÜRÜLEN,BETONARME,4,0.0,0.0,0.0,1350.0,SELÇUK,KENT MERKEZİ,0,0,0
BİNA,KIVILCIM(DİĞER),BAŞLANGIÇTA SÖNDÜRÜLEN,BETONARME,3,0.0,0.0,0.0,1370.0,KONAK,KENT MERKEZİ,0,0,0
ÇÖP,AÇIK ATEŞ,BAŞLANGIÇTA SÖNDÜRÜLEN,YAPI_DEGIL,10,0.0,0.0,0.0,1670.0,URLA,KIRSAL BÖLGE,0,0,0
BİNA,ELEKT. KISA DEV./ELEKT. KONTAĞI,BAŞLANGIÇTA SÖNDÜRÜLEN,BETONARME,2,0.0,0.1,0.0,1860.0,KARABAĞLAR,KENT MERKEZİ,0,0,0
BİNA,AÇIK ATEŞ,BAŞLANGIÇTA SÖNDÜRÜLEN,BETONARME,5,0.0,0.5,0.0,2105.0,BORNOVA,KENT MERKEZİ,0,0,0
AĞAÇ,SİGARA/KİBRİT,BAŞLANGIÇTA SÖNDÜRÜLEN,YAPI_DEGIL,5,0.0,0.3,0.0,2267.5,ÇEŞME,KENT MERKEZİ,0,0,0
BİNA,KIVILCIM(DİĞER),BAŞLANGIÇTA SÖNDÜRÜLEN,BETONARME,4,0.0,0.0,0.0,2280.0,KARABAĞLAR,KENT MERKEZİ,0,0,0
BİNA,ELEKT. KISA DEV./ELEKT. KONTAĞI,BAŞLANGIÇTA SÖNDÜRÜLEN,BETONARME,5,0.0,0.0,0.0,2387.5,KARŞIYAKA,KENT MERKEZİ,0,0,0
ÇÖP,AÇIK ATEŞ,BAŞLANGIÇTA SÖNDÜRÜLEN,YAPI_DEGIL,5,0.0,0.5,0.0,2437.5,KARŞIYAKA,KENT MERKEZİ,0,0,0
BİNA,AÇIK ATEŞ,BAŞLANGIÇTA SÖNDÜRÜLEN,BETONARME,3,0.0,1.5,0.0,2485.0,KONAK,KENT MERKEZİ,0,0,0
ÇÖP,SİGARA/KİBRİT,BAŞLANGIÇTA SÖNDÜRÜLEN,YAPI_DEGIL,6,0.0,8.0,0.0,2707.5,BUCA,KENT MERKEZİ,0,0,0
ÇÖP,AÇIK ATEŞ,BAŞLANGIÇTA SÖNDÜRÜLEN,YAPI_DEGIL,4,0.0,1.0,0.0,2752.5,BAYRAKLI,KENT MERKEZİ,0,0,0
ÇÖP,AÇIK ATEŞ,BAŞLANGIÇTA SÖNDÜRÜLEN,YAPI_DEGIL,6,0.0,0.0,0.0,2767.5,ÇEŞME,KENT MERKEZİ,0,0,0
ÇÖP,SİGARA/KİBRİT,BAŞLANGIÇTA SÖNDÜRÜLEN,YAPI_DEGIL,4,0.0,0.2,0.0,2995.0,BUCA,KENT MERKEZİ,0,0,0
ÇÖP,AÇIK ATEŞ,BAŞLANGIÇTA SÖNDÜRÜLEN,YAPI_DEGIL,5,0.0,1.0,0.0,2997.5,KINIK,KIRSAL BÖLGE,0,0,0
ARAÇ,ELEKT. KISA DEV./ELEKT. KONTAĞI,BAŞLANGIÇTA SÖNDÜRÜLEN,YAPI_DEGIL,3,0.0,0.2,0.0,3050.0,BUCA,KENT MERKEZİ,0,0,0
ÇÖP,AÇIK ATEŞ,BAŞLANGIÇTA SÖNDÜRÜLEN,YAPI_DEGIL,2,0.0,0.1,0.0,3067.5,KARABAĞLAR,KENT MERKEZİ,0,0,0
BİNA,ELEKT. KISA DEV./ELEKT. KONTAĞI,BAŞLANGIÇTA SÖNDÜRÜLEN,BETONARME,5,0.0,0.0,0.0,3082.5,KARŞIYAKA,KENT MERKEZİ,0,0,0
BİNA,KIVILCIM(BACA),BAŞLANGIÇTA SÖNDÜRÜLEN,BETONARME,4,0.0,0.0,0.0,3222.5,KEMALPAŞA,KENT MERKEZİ,0,0,0
BİNA,KIVILCIM(BACA),BAŞLANGIÇTA SÖNDÜRÜLEN,BETONARME,5,0.0,0.0,18.0,3290.0,ÖDEMİŞ,KENT MERKEZİ,0,0,0
ÇÖP,SİGARA/KİBRİT,BAŞLANGIÇTA SÖNDÜRÜLEN,YAPI_DEGIL,3,0.0,0.5,0.0,3327.5,KARABAĞLAR,KENT MERKEZİ,0,0,0
ÇÖP,SİGARA/KİBRİT,BAŞLANGIÇTA SÖNDÜRÜLEN,YAPI_DEGIL,6,0.0,0.5,0.0,3385.0,BAYRAKLI,KENT MERKEZİ,0,0,0
ÇÖP,AÇIK ATEŞ,BAŞLANGIÇTA SÖNDÜRÜLEN,YAPI_DEGIL,2,0.0,1.0,0.0,225.0,KARŞIYAKA,KENT MERKEZİ,0,0,0
BİNA,KONDÜKSİYON (TEMAS İLE ISI TRANSFERİ),BAŞLANGIÇTA SÖNDÜRÜLEN,BETONARME,2,0.0,0.0,12.0,937.5,TİRE,KENT MERKEZİ,0,0,0
BİNA,ELEKT. KISA DEV./ELEKT. KONTAĞI,BAŞLANGIÇTA SÖNDÜRÜLEN,BETONARME,2,0.0,0.0,0.0,1052.5,BORNOVA,KENT MERKEZİ,0,0,0
ÇÖP,SİGARA/KİBRİT,BAŞLANGIÇTA SÖNDÜRÜLEN,YAPI_DEGIL,3,0.0,0.5,0.0,1080.0,KONAK,KENT MERKEZİ,0,0,0
ARAÇ,ELEKT. KISA DEV./ELEKT. KONTAĞI,KISMEN YANARAK KURTARILAN,YAPI_DEGIL,5,0.0,6.0,0.0,1102.5,BAYRAKLI,KENT MERKEZİ,0,0,0
BİNA,OCAK ÜSTÜ YEMEK UNUTMA,BAŞLANGIÇTA SÖNDÜRÜLEN,BETONARME,2,0.0,0.1,0.0,1245.0,KONAK,KENT MERKEZİ,0,0,0
BİNA,ELEKT. KISA DEV./ELEKT. KONTAĞI,BAŞLANGIÇTA SÖNDÜRÜLEN,BETONARME,6,0.0,2.0,0.0,1497.5,KARABAĞLAR,KENT MERKEZİ,0,0,0
ÇÖP,SİGARA/KİBRİT,BAŞLANGIÇTA SÖNDÜRÜLEN,YAPI_DEGIL,4,0.0,0.2,0.0,1527.5,MENDERES,KENT MERKEZİ,0,0,0
ÇÖP,SİGARA/KİBRİT,BAŞLANGIÇTA SÖNDÜRÜLEN,YAPI_DEGIL,1,0.0,1.5,0.0,2135.0,BORNOVA,KENT MERKEZİ,0,0,0
İŞYERİ,PARLAMA (YAĞ/KİMYASAL MAD.),BAŞLANGIÇTA SÖNDÜRÜLEN,AHŞAP,5,0.0,0.1,0.0,2197.5,MENDERES,KIRSAL BÖLGE,0,0,0
ÇÖP,AÇIK ATEŞ,BAŞLANGIÇTA SÖNDÜRÜLEN,YAPI_DEGIL,4,0.0,2.5,0.0,2287.5,KARŞIYAKA,KENT MERKEZİ,0,0,0
ÇÖP,SİGARA/KİBRİT,BAŞLANGIÇTA SÖNDÜRÜLEN,YAPI_DEGIL,4,0.0,0.2,0.0,2472.5,BORNOVA,KENT MERKEZİ,0,0,0
ÇÖP,SİGARA/KİBRİT,BAŞLANGIÇTA SÖNDÜRÜLEN,YAPI_DEGIL,4,0.0,1.0,0.0,3162.5,BORNOVA,KENT MERKEZİ,0,0,0
ÇÖP,SİGARA/KİBRİT,BAŞLANGIÇTA SÖNDÜRÜLEN,YAPI_DEGIL,5,0.0,10.0,0.0,3225.0,BUCA,KENT MERKEZİ,0,0,0
BİNA,ELEKT. KISA DEV./ELEKT. KONTAĞI,BAŞLANGIÇTA SÖNDÜRÜLEN,BETONARME,3,0.0,0.0,6.0,3242.5,KONAK,KENT MERKEZİ,0,0,0
BİNA,ELEKT. KISA DEV./ELEKT. KONTAĞI,BAŞLANGIÇTA SÖNDÜRÜLEN,BETONARME,2,0.0,0.0,0.0,3262.5,BALÇOVA,KENT MERKEZİ,0,0,0
ARAÇ,ELEKT. KISA DEV./ELEKT. KONTAĞI,KISMEN YANARAK KURTARILAN,YAPI_DEGIL,3,0.0,2.0,0.0,3355.0,BORNOVA,KENT MERKEZİ,0,0,0
BİNA,ELEKT. KISA DEV./ELEKT. KONTAĞI,BAŞLANGIÇTA SÖNDÜRÜLEN,BETONARME,2,0.0,1.0,0.0,50.0,KONAK,KENT MERKEZİ,0,0,0
BİNA,ELEKT. KISA DEV./ELEKT. KONTAĞI,BAŞLANGIÇTA SÖNDÜRÜLEN,BETONARME,4,0.0,0.0,0.0,52.5,BUCA,KENT MERKEZİ,0,0,0
BARAKA/KULÜBE/YAŞAM KONTEYNERİ,SİGARA/KİBRİT,BAŞLANGIÇTA SÖNDÜRÜLEN,DİĞER,5,0.0,8.0,0.0,242.50000000000003,BALÇOVA,KENT MERKEZİ,0,0,0
KABLO/DİREK-ELEKT/TEL VB,ELEKT. KISA DEV./ELEKT. KONTAĞI,BAŞLANGIÇTA SÖNDÜRÜLEN,YAPI_DEGIL,6,0.0,0.0,6.0,287.5,GÜZELBAHÇE,KENT MERKEZİ,0,0,0
ÇÖP,SİGARA/KİBRİT,BAŞLANGIÇTA SÖNDÜRÜLEN,YAPI_DEGIL,2,7.0,1.5,0.0,375.0,BUCA,KENT MERKEZİ,0,0,0
BİNA,ELEKT. KISA DEV./ELEKT. KONTAĞI,BAŞLANGIÇTA SÖNDÜRÜLEN,BETONARME,3,0.0,0.0,0.0,395.0,BUCA,KENT MERKEZİ,0,0,0
BİNA,ŞÜPHELİ,BAŞLANGIÇTA SÖNDÜRÜLEN,BETONARME,4,0.0,0.5,6.0,407.5,ÖDEMİŞ,KENT MERKEZİ,0,0,0
MOTOSİKLET,KASIT,TAMAMEN YANAN,YAPI_DEGIL,2,0.0,1.0,0.0,472.5,BUCA,KENT MERKEZİ,0,0,0
BİNA,SİGARA/KİBRİT,BAŞLANGIÇTA SÖNDÜRÜLEN,BETONARME,5,0.0,1.5,0.0,495.0,KONAK,KENT MERKEZİ,0,0,0
BİNA,KASIT,BAŞLANGIÇTA SÖNDÜRÜLEN,BETONARME,3,0.0,0.0,0.0,640.0,KONAK,KENT MERKEZİ,0,0,0
ÇÖP,SİGARA/KİBRİT,BAŞLANGIÇTA SÖNDÜRÜLEN,YAPI_DEGIL,3,0.0,0.5,0.0,1197.5,KARABAĞLAR,KENT MERKEZİ,0,0,0
ARAÇ,ELEKT. KISA DEV./ELEKT. KONTAĞI,KISMEN YANARAK KURTARILAN,YAPI_DEGIL,3,0.0,0.5,0.0,1477.5,KONAK,KENT MERKEZİ,0,0,0
ARAÇ,ELEKT. KISA DEV./ELEKT. KONTAĞI,BAŞLANGIÇTA SÖNDÜRÜLEN,YAPI_DEGIL,3,0.0,0.0,0.0,1987.5,BAYRAKLI,KENT MERKEZİ,0,0,0
BİNA,OCAK ÜSTÜ YEMEK UNUTMA,BAŞLANGIÇTA SÖNDÜRÜLEN,BETONARME,4,0.0,0.0,0.0,2032.5,KARABAĞLAR,KENT MERKEZİ,0,0,0
FABRİKA/ATÖLYE/İMALATHANE,ELEKT. KISA DEV./ELEKT. KONTAĞI,BAŞLANGIÇTA SÖNDÜRÜLEN,BETONARME,11,0.0,0.0,0.0,2065.0,TORBALI,KIRSAL BÖLGE,0,0,0
ARAÇ,ELEKT. KISA DEV./ELEKT. KONTAĞI,BAŞLANGIÇTA SÖNDÜRÜLEN,YAPI_DEGIL,4,0.0,0.5,0.0,2150.0,TORBALI,KENT MERKEZİ,0,0,0
İŞ MAKİNESİ,ELEKT. KISA DEV./ELEKT. KONTAĞI,BAŞLANGIÇTA SÖNDÜRÜLEN,YAPI_DEGIL,1,25.0,2.0,0.0,2430.0,ÇEŞME,KENT MERKEZİ,0,0,0
ÇÖP,SİGARA/KİBRİT,BAŞLANGIÇTA SÖNDÜRÜLEN,YAPI_DEGIL,4,0.0,0.2,0.0,2517.5,TORBALI,KENT MERKEZİ,0,0,0
BİNA,SİGARA/KİBRİT,BAŞLANGIÇTA SÖNDÜRÜLEN,BETONARME,3,0.0,0.0,0.0,2642.5,BUCA,KENT MERKEZİ,0,0,0
ÇÖP,SİGARA/KİBRİT,BAŞLANGIÇTA SÖNDÜRÜLEN,YAPI_DEGIL,3,0.0,0.2,0.0,2690.0,ÇİĞLİ,KENT MERKEZİ,0,0,0
ÇÖP,AÇIK ATEŞ,BAŞLANGIÇTA SÖNDÜRÜLEN,YAPI_DEGIL,5,0.0,2.0,0.0,2757.5,BUCA,KENT MERKEZİ,0,0,0
ÇÖP,AÇIK ATEŞ,BAŞLANGIÇTA SÖNDÜRÜLEN,YAPI_DEGIL,3,0.0,0.3,0.0,2782.5,TORBALI,KENT MERKEZİ,0,0,0
ÇÖP,AÇIK ATEŞ,BAŞLANGIÇTA SÖNDÜRÜLEN,YAPI_DEGIL,2,0.0,2.5,0.0,2827.5,BERGAMA,KENT MERKEZİ,0,0,0
BİNA,ELEKT. KISA DEV./ELEKT. KONTAĞI,BAŞLANGIÇTA SÖNDÜRÜLEN,BETONARME,4,0.0,0.5,0.0,2870.0,KARŞIYAKA,KENT MERKEZİ,0,1,0
ODUN/KÖMÜR-AÇIK ALANDA,SİGARA/KİBRİT,BAŞLANGIÇTA SÖNDÜRÜLEN,YAPI_DEGIL,4,2.0,0.5,0.0,2890.0,KARABAĞLAR,KENT MERKEZİ,0,0,0
ÇÖP,SİGARA/KİBRİT,BAŞLANGIÇTA SÖNDÜRÜLEN,YAPI_DEGIL,5,0.0,0.5,0.0,2915.0,ÇİĞLİ,KENT MERKEZİ,0,0,0
ÇÖP,SİGARA/KİBRİT,BAŞLANGIÇTA SÖNDÜRÜLEN,YAPI_DEGIL,1,0.0,0.5,0.0,3010.0,DİKİLİ,KENT MERKEZİ,0,0,0
ARAÇ,ELEKT. KISA DEV./ELEKT. KONTAĞI,BAŞLANGIÇTA SÖNDÜRÜLEN,YAPI_DEGIL,16,0.0,0.0,0.0,3017.5,TORBALI,KIRSAL BÖLGE,0,0,0
ÇÖP,SİGARA/KİBRİT,BAŞLANGIÇTA SÖNDÜRÜLEN,YAPI_DEGIL,8,0.0,5.0,0.0,3062.5,GAZİEMİR,KENT MERKEZİ,0,0,0
ÇÖP,AÇIK ATEŞ,BAŞLANGIÇTA SÖNDÜRÜLEN,YAPI_DEGIL,9,0.0,0.5,0.0,3152.5,URLA,KIRSAL BÖLGE,0,0,0
ÇÖP,SİGARA/KİBRİT,BAŞLANGIÇTA SÖNDÜRÜLEN,YAPI_DEGIL,2,0.0,1.5,0.0,3220.0,BORNOVA,KENT MERKEZİ,0,0,0
KABLO/DİREK-ELEKT/TEL VB,ELEKT. KISA DEV./ELEKT. KONTAĞI,BAŞLANGIÇTA SÖNDÜRÜLEN,YAPI_DEGIL,4,0.0,0.5,0.0,3255.0,KARABAĞLAR,KENT MERKEZİ,0,0,0
ÇÖP,SİGARA/KİBRİT,BAŞLANGIÇTA SÖNDÜRÜLEN,YAPI_DEGIL,2,0.0,1.0,0.0,3327.5,BORNOVA,KENT MERKEZİ,0,0,0
ÇÖP,SİGARA/KİBRİT,BAŞLANGIÇTA SÖNDÜRÜLEN,YAPI_DEGIL,3,0.0,1.0,0.0,3372.5,BORNOVA,KENT MERKEZİ,0,0,0
HURDA-AÇIK ALANDA,AÇIK ATEŞ,BAŞLANGIÇTA SÖNDÜRÜLEN,YAPI_DEGIL,4,0.0,1.0,0.0,3480.0,KARŞIYAKA,KENT MERKEZİ,0,0,0
ÇÖP,SİGARA/KİBRİT,BAŞLANGIÇTA SÖNDÜRÜLEN,YAPI_DEGIL,4,0.0,17.0,0.0,3497.5,BUCA,KENT MERKEZİ,0,0,0
ARAÇ,ELEKT. KISA DEV./ELEKT. KONTAĞI,BAŞLANGIÇTA SÖNDÜRÜLEN,YAPI_DEGIL,5,0.0,1.0,0.0,82.5,BAYRAKLI,KENT MERKEZİ,0,0,0
BİNA,ŞÜPHELİ,BAŞLANGIÇTA SÖNDÜRÜLEN,BETONARME,4,0.0,5.0,0.0,902.5,TİRE,KENT MERKEZİ,0,0,0
KABLO/DİREK-ELEKT/TEL VB,ELEKT. KISA DEV./ELEKT. KONTAĞI,BAŞLANGIÇTA SÖNDÜRÜLEN,YAPI_DEGIL,4,0.0,0.0,0.0,1197.5,KONAK,KENT MERKEZİ,0,0,0
BİNA,ELEKT. KISA DEV./ELEKT. KONTAĞI,BAŞLANGIÇTA SÖNDÜRÜLEN,BETONARME,4,0.0,0.5,0.0,1320.0,KARABAĞLAR,KENT MERKEZİ,0,0,0
BİNA,ELEKT. KISA DEV./ELEKT. KONTAĞI,BAŞLANGIÇTA SÖNDÜRÜLEN,BETONARME,2,0.0,0.0,0.0,1600.0,FOÇA,KIRSAL BÖLGE,0,0,0
AĞAÇ,SİGARA/KİBRİT,BAŞLANGIÇTA SÖNDÜRÜLEN,YAPI_DEGIL,4,0.0,2.0,0.0,1767.5,SELÇUK,KENT MERKEZİ,0,0,0
BİNA,ELEKT. KISA DEV./ELEKT. KONTAĞI,KISMEN YANARAK KURTARILAN,BETONARME,8,0.0,8.0,0.0,1850.0,BERGAMA,KIRSAL BÖLGE,0,0,0
FABRİKA/ATÖLYE/İMALATHANE,ELEKT. KISA DEV./ELEKT. KONTAĞI,BAŞLANGIÇTA SÖNDÜRÜLEN,BETONARME,3,0.0,0.0,0.0,1970.0000000000002,KARABAĞLAR,KENT MERKEZİ,0,0,0
FABRİKA/ATÖLYE/İMALATHANE,ELEKT. KISA DEV./ELEKT. KONTAĞI,BAŞLANGIÇTA SÖNDÜRÜLEN,BETONARME,3,0.0,5.0,0.0,2000.0000000000002,BORNOVA,KENT MERKEZİ,0,0,0
ODUN/KÖMÜR-AÇIK ALANDA,SİGARA/KİBRİT,BAŞLANGIÇTA SÖNDÜRÜLEN,YAPI_DEGIL,3,0.0,3.0,0.0,2032.5,MENDERES,KIRSAL BÖLGE,0,0,0
ÇÖP,AÇIK ATEŞ,BAŞLANGIÇTA SÖNDÜRÜLEN,YAPI_DEGIL,10,0.0,0.0,0.0,2080.0,GÜZELBAHÇE,KENT MERKEZİ,0,0,0
ÇÖP,AÇIK ATEŞ,BAŞLANGIÇTA SÖNDÜRÜLEN,YAPI_DEGIL,4,0.0,0.5,0.0,2117.5,TORBALI,KENT MERKEZİ,0,0,0
ARAÇ,PARLAMA (AKARYAKIT MADDESİ),BAŞLANGIÇTA SÖNDÜRÜLEN,YAPI_DEGIL,4,0.0,0.0,0.0,2140.0,SEFERİHİSAR,KENT MERKEZİ,0,0,0
ÇÖP,AÇIK ATEŞ,BAŞLANGIÇTA SÖNDÜRÜLEN,YAPI_DEGIL,5,0.0,1.0,0.0,2175.0,TİRE,KENT MERKEZİ,0,0,0
ÇÖP,AÇIK ATEŞ,BAŞLANGIÇTA SÖNDÜRÜLEN,YAPI_DEGIL,5,0.0,1.0,0.0,2202.5,ÖDEMİŞ,KENT MERKEZİ,0,0,0
OT,SİGARA/KİBRİT,BAŞLANGIÇTA SÖNDÜRÜLEN,YAPI_DEGIL,2,0.0,1.0,0.0,2262.5,TORBALI,KENT MERKEZİ,0,0,0
ÇÖP,AÇIK ATEŞ,BAŞLANGIÇTA SÖNDÜRÜLEN,YAPI_DEGIL,5,0.0,1.0,0.0,2387.5,BUCA,KENT MERKEZİ,0,0,0
OT,AÇIK ATEŞ,BAŞLANGIÇTA SÖNDÜRÜLEN,YAPI_DEGIL,2,0.0,2.0,6.0,2470.0,KINIK,KENT MERKEZİ,0,0,0
OT,SİGARA/KİBRİT,BAŞLANGIÇTA SÖNDÜRÜLEN,YAPI_DEGIL,14,0.0,0.5,0.0,2515.0,KEMALPAŞA,KIRSAL BÖLGE,0,0,0
BİNA,ÇOCUKLARIN ATEŞLE OYNAMASI,BAŞLANGIÇTA SÖNDÜRÜLEN,BETONARME,3,0.0,0.2,0.0,2577.5,KARABAĞLAR,KENT MERKEZİ,0,0,0
OT,AÇIK ATEŞ,BAŞLANGIÇTA SÖNDÜRÜLEN,YAPI_DEGIL,6,0.0,0.2,0.0,2685.0,MENEMEN,KIRSAL BÖLGE,0,0,0
ÇÖP,AÇIK ATEŞ,BAŞLANGIÇTA SÖNDÜRÜLEN,YAPI_DEGIL,5,0.0,0.5,0.0,2780.0,ÖDEMİŞ,KENT MERKEZİ,0,0,0
MAKİLİK/ÇALI,AÇIK ATEŞ,BAŞLANGIÇTA SÖNDÜRÜLEN,YAPI_DEGIL,18,0.0,0.5,0.0,2880.0,SEFERİHİSAR,KIRSAL BÖLGE,0,0,0
ZEYTİNLİK,AÇIK ATEŞ,BAŞLANGIÇTA SÖNDÜRÜLEN,YAPI_DEGIL,7,0.0,3.0,0.0,2887.5,TORBALI,KIRSAL BÖLGE,0,0,0
ÇÖP,SİGARA/KİBRİT,BAŞLANGIÇTA SÖNDÜRÜLEN,YAPI_DEGIL,5,0.0,0.5,0.0,2935.0,KARŞIYAKA,KENT MERKEZİ,0,0,0
ÇÖP,SİGARA/KİBRİT,BAŞLANGIÇTA SÖNDÜRÜLEN,YAPI_DEGIL,5,0.0,2.0,0.0,3082.5,BUCA,KENT MERKEZİ,0,0,0
BİNA,OCAK ÜSTÜ YEMEK UNUTMA,BAŞLANGIÇTA SÖNDÜRÜLEN,BETONARME,3,0.0,0.0,0.0,3142.5,BORNOVA,KENT MERKEZİ,0,0,0
OT,SİGARA/KİBRİT,BAŞLANGIÇTA SÖNDÜRÜLEN,YAPI_DEGIL,5,0.0,0.0,0.0,3155.0,ÇİĞLİ,KIRSAL BÖLGE,0,0,0
BİNA,OCAK ÜSTÜ YEMEK UNUTMA,BAŞLANGIÇTA SÖNDÜRÜLEN,BETONARME,3,0.0,0.0,0.0,3240.0,ÇİĞLİ,KENT MERKEZİ,0,0,0
BİNA,ŞÜPHELİ,BAŞLANGIÇTA SÖNDÜRÜLEN,BETONARME,5,0.0,0.0,0.0,3432.5,BUCA,KENT MERKEZİ,0,0,0
BİNA,AÇIK ATEŞ,BAŞLANGIÇTA SÖNDÜRÜLEN,BETONARME,3,0.0,1.0,0.0,3437.5,KONAK,KENT MERKEZİ,0,0,0
ÇÖP,AÇIK ATEŞ,BAŞLANGIÇTA SÖNDÜRÜLEN,YAPI_DEGIL,3,0.0,0.5,0.0,92.5,KARABAĞLAR,KENT MERKEZİ,0,0,0
BİNA,SİGARA/KİBRİT,BAŞLANGIÇTA SÖNDÜRÜLEN,BETONARME,4,0.0,0.5,0.0,115.0,KARABAĞLAR,KENT MERKEZİ,0,0,0
ÇÖP,AÇIK ATEŞ,BAŞLANGIÇTA SÖNDÜRÜLEN,YAPI_DEGIL,4,0.0,0.1,0.0,577.5,BORNOVA,KENT MERKEZİ,0,0,0
FABRİKA/ATÖLYE/İMALATHANE,SİGARA/KİBRİT,BAŞLANGIÇTA SÖNDÜRÜLEN,BETONARME,5,0.0,4.0,0.0,1132.5,BUCA,KENT MERKEZİ,0,0,0
ÇÖP,SİGARA/KİBRİT,BAŞLANGIÇTA SÖNDÜRÜLEN,YAPI_DEGIL,2,0.0,0.5,0.0,1552.5,KARABAĞLAR,KENT MERKEZİ,0,0,0
OT,SİGARA/KİBRİT,BAŞLANGIÇTA SÖNDÜRÜLEN,YAPI_DEGIL,5,0.0,1.0,0.0,1717.5,ÇİĞLİ,KIRSAL BÖLGE,0,0,0
ARAÇ,ELEKT. KISA DEV./ELEKT. KONTAĞI,BAŞLANGIÇTA SÖNDÜRÜLEN,YAPI_DEGIL,5,0.0,0.3,0.0,1740.0,TORBALI,KENT MERKEZİ,0,0,0
OT,AÇIK ATEŞ,BAŞLANGIÇTA SÖNDÜRÜLEN,YAPI_DEGIL,10,0.0,0.1,0.0,1989.9999999999998,URLA,KIRSAL BÖLGE,0,0,0
BİNA,OCAK ÜSTÜ YEMEK UNUTMA,BAŞLANGIÇTA SÖNDÜRÜLEN,BETONARME,3,0.0,0.2,0.0,2205.0,KONAK,KENT MERKEZİ,0,0,0
ÇÖP,SİGARA/KİBRİT,BAŞLANGIÇTA SÖNDÜRÜLEN,YAPI_DEGIL,2,0.0,1.2,0.0,2260.0,KONAK,KENT MERKEZİ,0,0,0
ARAÇ,ELEKT. KISA DEV./ELEKT. KONTAĞI,KISMEN YANARAK KURTARILAN,YAPI_DEGIL,5,0.0,0.5,0.0,2425.0,ÇİĞLİ,KENT MERKEZİ,0,0,0
OT,AÇIK ATEŞ,BAŞLANGIÇTA SÖNDÜRÜLEN,YAPI_DEGIL,10,0.0,2.0,0.0,2537.5,DİKİLİ,KIRSAL BÖLGE,0,0,0
LASTİK,SİGARA/KİBRİT,BAŞLANGIÇTA SÖNDÜRÜLEN,YAPI_DEGIL,10,0.0,2.0,0.0,2582.5,BERGAMA,KIRSAL BÖLGE,0,0,0
BİNA,ELEKT. KISA DEV./ELEKT. KONTAĞI,BAŞLANGIÇTA SÖNDÜRÜLEN,BETONARME,4,0.0,0.0,0.0,2622.5,BORNOVA,KENT MERKEZİ,0,0,0
ÇÖP,SİGARA/KİBRİT,BAŞLANGIÇTA SÖNDÜRÜLEN,YAPI_DEGIL,5,0.0,1.5,0.0,2650.0,BUCA,KENT MERKEZİ,0,0,0
ÇÖP,AÇIK ATEŞ,BAŞLANGIÇTA SÖNDÜRÜLEN,YAPI_DEGIL,3,0.0,3.5,0.0,2797.5,BERGAMA,KENT MERKEZİ,0,0,0
ÇÖP,SİGARA/KİBRİT,BAŞLANGIÇTA SÖNDÜRÜLEN,YAPI_DEGIL,2,0.0,0.2,0.0,2827.5,KONAK,KENT MERKEZİ,0,0,0
ÇÖP,SİGARA/KİBRİT,BAŞLANGIÇTA SÖNDÜRÜLEN,YAPI_DEGIL,3,0.0,1.0,0.0,2885.0,BORNOVA,KENT MERKEZİ,0,0,0
ÇÖP,SİGARA/KİBRİT,BAŞLANGIÇTA SÖNDÜRÜLEN,YAPI_DEGIL,5,0.0,3.0,0.0,2885.0,BUCA,KENT MERKEZİ,0,0,0
BİNA,AÇIK ATEŞ,BAŞLANGIÇTA SÖNDÜRÜLEN,BETONARME,4,0.0,0.0,0.0,3195.0,KARABAĞLAR,KENT MERKEZİ,0,0,0
ÇÖP,SİGARA/KİBRİT,BAŞLANGIÇTA SÖNDÜRÜLEN,YAPI_DEGIL,5,0.0,0.3,0.0,3237.5,ÇİĞLİ,KENT MERKEZİ,0,0,0
ARAÇ,ISINMA/SÜRTÜNME,BAŞLANGIÇTA SÖNDÜRÜLEN,YAPI_DEGIL,7,0.0,0.5,0.0,3332.5,MENEMEN,KENT MERKEZİ,0,0,0
ÇÖP,SİGARA/KİBRİT,BAŞLANGIÇTA SÖNDÜRÜLEN,YAPI_DEGIL,6,0.0,1.5,0.0,3367.5,TORBALI,KIRSAL BÖLGE,0,0,0
BİNA,KIVILCIM(BACA),BAŞLANGIÇTA SÖNDÜRÜLEN,BETONARME,3,0.0,0.1,0.0,3392.5,BORNOVA,KENT MERKEZİ,0,0,0
FABRİKA/ATÖLYE/İMALATHANE,ELEKT. KISA DEV./ELEKT. KONTAĞI,BAŞLANGIÇTA SÖNDÜRÜLEN,BETONARME,5,0.0,0.0,6.0,3507.5,ALİAĞA,KIRSAL BÖLGE,0,0,0
ÇÖP,AÇIK ATEŞ,BAŞLANGIÇTA SÖNDÜRÜLEN,YAPI_DEGIL,5,0.0,1.0,0.0,200.0,BUCA,KENT MERKEZİ,0,0,0
ARAÇ,PARLAMA (YAĞ/KİMYASAL MAD.),BAŞLANGIÇTA SÖNDÜRÜLEN,YAPI_DEGIL,3,0.0,1.0,0.0,1017.4999999999999,BAYRAKLI,KENT MERKEZİ,0,0,0
BİNA,ELEKT. KISA DEV./ELEKT. KONTAĞI,BAŞLANGIÇTA SÖNDÜRÜLEN,BETONARME,4,0.0,0.0,0.0,1305.0,BUCA,KENT MERKEZİ,0,0,0
ARAÇ,ELEKT. KISA DEV./ELEKT. KONTAĞI,BAŞLANGIÇTA SÖNDÜRÜLEN,YAPI_DEGIL,4,0.0,0.0,0.0,2222.5,KARŞIYAKA,KENT MERKEZİ,0,0,0
ARAÇ,PARLAMA (AKARYAKIT MADDESİ),BAŞLANGIÇTA SÖNDÜRÜLEN,YAPI_DEGIL,11,0.0,0.0,0.0,2477.5,BORNOVA,KIRSAL BÖLGE,0,0,0
ARAÇ,ELEKT. KISA DEV./ELEKT. KONTAĞI,BAŞLANGIÇTA SÖNDÜRÜLEN,YAPI_DEGIL,4,0.0,0.2,0.0,2542.5,KARABAĞLAR,KENT MERKEZİ,0,0,0
İŞYERİ,KIVILCIM(BACA),BAŞLANGIÇTA SÖNDÜRÜLEN,BETONARME,3,0.0,0.2,0.0,2630.0,ALİAĞA,KENT MERKEZİ,0,0,0
ÇÖP,SİGARA/KİBRİT,BAŞLANGIÇTA SÖNDÜRÜLEN,YAPI_DEGIL,8,0.0,10.0,0.0,2635.0,KEMALPAŞA,KIRSAL BÖLGE,0,0,0
BİNA,ELEKT. KISA DEV./ELEKT. KONTAĞI,BAŞLANGIÇTA SÖNDÜRÜLEN,BETONARME,4,200.0,5.0,0.0,2800.0,KONAK,KENT MERKEZİ,0,0,0
ÇÖP,SİGARA/KİBRİT,BAŞLANGIÇTA SÖNDÜRÜLEN,YAPI_DEGIL,5,0.0,1.0,0.0,2805.0,BORNOVA,KENT MERKEZİ,0,0,0
ÇÖP,SİGARA/KİBRİT,BAŞLANGIÇTA SÖNDÜRÜLEN,YAPI_DEGIL,5,0.0,0.5,0.0,3040.0,BALÇOVA,KENT MERKEZİ,0,0,0
ÇÖP,SİGARA/KİBRİT,BAŞLANGIÇTA SÖNDÜRÜLEN,YAPI_DEGIL,4,0.0,0.1,0.0,3247.5,KONAK,KENT MERKEZİ,0,0,0
ÇÖP,AÇIK ATEŞ,BAŞLANGIÇTA SÖNDÜRÜLEN,YAPI_DEGIL,3,0.0,2.0,0.0,3265.0,MENEMEN,KENT MERKEZİ,0,0,0
BİNA,SİGARA/KİBRİT,BAŞLANGIÇTA SÖNDÜRÜLEN,BETONARME,3,0.0,0.1,0.0,3265.0,KONAK,KENT MERKEZİ,0,0,0
BİNA,OCAK ÜSTÜ YEMEK UNUTMA,BAŞLANGIÇTA SÖNDÜRÜLEN,BETONARME,3,0.0,0.0,0.0,3352.5,KARABAĞLAR,KENT MERKEZİ,0,0,0
BİNA,OCAK/SOBA/KALORİFER KAZANI,BAŞLANGIÇTA SÖNDÜRÜLEN,BETONARME,6,0.0,0.2,0.0,3370.0,KONAK,KENT MERKEZİ,0,0,0
ÇÖP,SİGARA/KİBRİT,BAŞLANGIÇTA SÖNDÜRÜLEN,YAPI_DEGIL,2,0.0,0.1,0.0,3520.0,BUCA,KENT MERKEZİ,0,0,0
BİNA,ELEKT. KISA DEV./ELEKT. KONTAĞI,BAŞLANGIÇTA SÖNDÜRÜLEN,BETONARME,5,0.0,0.3,0.0,3527.5,BAYRAKLI,KENT MERKEZİ,0,0,0
